GEOID20,Name,District
42101000101,PHILADELPHIA WARD 01 PRECINCT 01,3
42101000102,PHILADELPHIA WARD 01 PRECINCT 02,3
42101000103,PHILADELPHIA WARD 01 PRECINCT 03,3
42101000104,PHILADELPHIA WARD 01 PRECINCT 04,3
42101000105,PHILADELPHIA WARD 01 PRECINCT 05,3
42101000106,PHILADELPHIA WARD 01 PRECINCT 06,3
42101000107,PHILADELPHIA WARD 01 PRECINCT 07,3
42101000108,PHILADELPHIA WARD 01 PRECINCT 08,3
42101000109,PHILADELPHIA WARD 01 PRECINCT 09,3
42101000110,PHILADELPHIA WARD 01 PRECINCT 10,3
42101000111,PHILADELPHIA WARD 01 PRECINCT 11,3
42101000112,PHILADELPHIA WARD 01 PRECINCT 12,3
42101000113,PHILADELPHIA WARD 01 PRECINCT 13,3
42101000114,PHILADELPHIA WARD 01 PRECINCT 14,3
42101000115,PHILADELPHIA WARD 01 PRECINCT 15,3
42101000116,PHILADELPHIA WARD 01 PRECINCT 16,3
42101000117,PHILADELPHIA WARD 01 PRECINCT 17,3
42101000118,PHILADELPHIA WARD 01 PRECINCT 18,3
42101000119,PHILADELPHIA WARD 01 PRECINCT 19,3
42101000120,PHILADELPHIA WARD 01 PRECINCT 20,3
42101000121,PHILADELPHIA WARD 01 PRECINCT 21,3
42101000201,PHILADELPHIA WARD 02 PRECINCT 01,3
42101000202,PHILADELPHIA WARD 02 PRECINCT 02,3
42101000203,PHILADELPHIA WARD 02 PRECINCT 03,3
42101000204,PHILADELPHIA WARD 02 PRECINCT 04,3
42101000205,PHILADELPHIA WARD 02 PRECINCT 05,3
42101000206,PHILADELPHIA WARD 02 PRECINCT 06,3
42101000207,PHILADELPHIA WARD 02 PRECINCT 07,3
42101000208,PHILADELPHIA WARD 02 PRECINCT 08,3
42101000209,PHILADELPHIA WARD 02 PRECINCT 09,3
42101000210,PHILADELPHIA WARD 02 PRECINCT 10,3
42101000211,PHILADELPHIA WARD 02 PRECINCT 11,3
42101000212,PHILADELPHIA WARD 02 PRECINCT 12,3
42101000213,PHILADELPHIA WARD 02 PRECINCT 13,3
42101000214,PHILADELPHIA WARD 02 PRECINCT 14,3
42101000217,PHILADELPHIA WARD 02 PRECINCT 17,3
42101000218,PHILADELPHIA WARD 02 PRECINCT 18,3
42101000219,PHILADELPHIA WARD 02 PRECINCT 19,3
42101000220,PHILADELPHIA WARD 02 PRECINCT 20,3
42101000221,PHILADELPHIA WARD 02 PRECINCT 21,3
42101000222,PHILADELPHIA WARD 02 PRECINCT 22,3
42101000223,PHILADELPHIA WARD 02 PRECINCT 23,3
42101000224,PHILADELPHIA WARD 02 PRECINCT 24,3
42101000228,PHILADELPHIA WARD 02 PRECINCT 15,3
42101000229,PHILADELPHIA WARD 02 PRECINCT 16,3
42101000230,PHILADELPHIA WARD 02 PRECINCT 25,3
42101000231,PHILADELPHIA WARD 02 PRECINCT 26,3
42101000232,PHILADELPHIA WARD 02 PRECINCT 27,3
42101000233,PHILADELPHIA WARD 02 PRECINCT 28,3
42101000234,PHILADELPHIA WARD 02 PRECINCT 29,3
42101000301,PHILADELPHIA WARD 03 PRECINCT 01,5
42101000302,PHILADELPHIA WARD 03 PRECINCT 02,5
42101000303,PHILADELPHIA WARD 03 PRECINCT 03,5
42101000304,PHILADELPHIA WARD 03 PRECINCT 04,5
42101000305,PHILADELPHIA WARD 03 PRECINCT 05,5
42101000306,PHILADELPHIA WARD 03 PRECINCT 06,5
42101000307,PHILADELPHIA WARD 03 PRECINCT 07,5
42101000308,PHILADELPHIA WARD 03 PRECINCT 08,5
42101000309,PHILADELPHIA WARD 03 PRECINCT 09,5
42101000310,PHILADELPHIA WARD 03 PRECINCT 10,5
42101000311,PHILADELPHIA WARD 03 PRECINCT 11,5
42101000312,PHILADELPHIA WARD 03 PRECINCT 12,5
42101000313,PHILADELPHIA WARD 03 PRECINCT 13,5
42101000314,PHILADELPHIA WARD 03 PRECINCT 14,5
42101000315,PHILADELPHIA WARD 03 PRECINCT 15,5
42101000316,PHILADELPHIA WARD 03 PRECINCT 16,5
42101000317,PHILADELPHIA WARD 03 PRECINCT 17,3
42101000318,PHILADELPHIA WARD 03 PRECINCT 18,3
42101000319,PHILADELPHIA WARD 03 PRECINCT 19,5
42101000320,PHILADELPHIA WARD 03 PRECINCT 20,3
42101000321,PHILADELPHIA WARD 03 PRECINCT 21,3
42101000322,PHILADELPHIA WARD 03 PRECINCT 22,3
42101000401,PHILADELPHIA WARD 04 PRECINCT 01,5
42101000402,PHILADELPHIA WARD 04 PRECINCT 02,5
42101000403,PHILADELPHIA WARD 04 PRECINCT 03,5
42101000404,PHILADELPHIA WARD 04 PRECINCT 04,5
42101000405,PHILADELPHIA WARD 04 PRECINCT 05,5
42101000406,PHILADELPHIA WARD 04 PRECINCT 06,5
42101000407,PHILADELPHIA WARD 04 PRECINCT 07,5
42101000408,PHILADELPHIA WARD 04 PRECINCT 08,5
42101000409,PHILADELPHIA WARD 04 PRECINCT 09,5
42101000410,PHILADELPHIA WARD 04 PRECINCT 10,5
42101000411,PHILADELPHIA WARD 04 PRECINCT 11,5
42101000412,PHILADELPHIA WARD 04 PRECINCT 12,5
42101000413,PHILADELPHIA WARD 04 PRECINCT 13,5
42101000414,PHILADELPHIA WARD 04 PRECINCT 14,5
42101000415,PHILADELPHIA WARD 04 PRECINCT 15,5
42101000416,PHILADELPHIA WARD 04 PRECINCT 16,5
42101000417,PHILADELPHIA WARD 04 PRECINCT 17,5
42101000418,PHILADELPHIA WARD 04 PRECINCT 18,5
42101000419,PHILADELPHIA WARD 04 PRECINCT 19,5
42101000420,PHILADELPHIA WARD 04 PRECINCT 20,5
42101000421,PHILADELPHIA WARD 04 PRECINCT 21,5
42101000502,PHILADELPHIA WARD 05 PRECINCT 02,3
42101000503,PHILADELPHIA WARD 05 PRECINCT 03,3
42101000504,PHILADELPHIA WARD 05 PRECINCT 04,3
42101000505,PHILADELPHIA WARD 05 PRECINCT 05,3
42101000506,PHILADELPHIA WARD 05 PRECINCT 06,3
42101000507,PHILADELPHIA WARD 05 PRECINCT 07,3
42101000508,PHILADELPHIA WARD 05 PRECINCT 08,3
42101000511,PHILADELPHIA WARD 05 PRECINCT 11,3
42101000514,PHILADELPHIA WARD 05 PRECINCT 14,3
42101000515,PHILADELPHIA WARD 05 PRECINCT 15,4
42101000518,PHILADELPHIA WARD 05 PRECINCT 18,3
42101000519,PHILADELPHIA WARD 05 PRECINCT 19,3
42101000520,PHILADELPHIA WARD 05 PRECINCT 20,4
42101000522,PHILADELPHIA WARD 05 PRECINCT 22,3
42101000523,PHILADELPHIA WARD 05 PRECINCT 23,4
42101000568,PHILADELPHIA WARD 05 PRECINCT 28,3
42101000570,PHILADELPHIA WARD 05 PRECINCT 29,3
42101000571,PHILADELPHIA WARD 05 PRECINCT 01,3
42101000572,PHILADELPHIA WARD 05 PRECINCT 12,3
42101000573,PHILADELPHIA WARD 05 PRECINCT 13,3
42101000574,PHILADELPHIA WARD 05 PRECINCT 24,3
42101000575,PHILADELPHIA WARD 05 PRECINCT 35,3
42101000576,PHILADELPHIA WARD 05 PRECINCT 36,3
42101000577,PHILADELPHIA WARD 05 PRECINCT 37,3
42101000601,PHILADELPHIA WARD 06 PRECINCT 01,5
42101000602,PHILADELPHIA WARD 06 PRECINCT 02,5
42101000603,PHILADELPHIA WARD 06 PRECINCT 03,5
42101000604,PHILADELPHIA WARD 06 PRECINCT 04,5
42101000605,PHILADELPHIA WARD 06 PRECINCT 05,5
42101000606,PHILADELPHIA WARD 06 PRECINCT 06,5
42101000607,PHILADELPHIA WARD 06 PRECINCT 07,5
42101000608,PHILADELPHIA WARD 06 PRECINCT 08,5
42101000609,PHILADELPHIA WARD 06 PRECINCT 09,5
42101000610,PHILADELPHIA WARD 06 PRECINCT 10,5
42101000611,PHILADELPHIA WARD 06 PRECINCT 11,5
42101000612,PHILADELPHIA WARD 06 PRECINCT 12,5
42101000613,PHILADELPHIA WARD 06 PRECINCT 13,5
42101000614,PHILADELPHIA WARD 06 PRECINCT 14,5
42101000615,PHILADELPHIA WARD 06 PRECINCT 15,5
42101000616,PHILADELPHIA WARD 06 PRECINCT 16,5
42101000617,PHILADELPHIA WARD 06 PRECINCT 17,5
42101000618,PHILADELPHIA WARD 06 PRECINCT 18,5
42101000701,PHILADELPHIA WARD 07 PRECINCT 01,4
42101000702,PHILADELPHIA WARD 07 PRECINCT 02,4
42101000703,PHILADELPHIA WARD 07 PRECINCT 03,4
42101000704,PHILADELPHIA WARD 07 PRECINCT 04,4
42101000705,PHILADELPHIA WARD 07 PRECINCT 05,4
42101000706,PHILADELPHIA WARD 07 PRECINCT 06,4
42101000707,PHILADELPHIA WARD 07 PRECINCT 07,4
42101000708,PHILADELPHIA WARD 07 PRECINCT 08,4
42101000709,PHILADELPHIA WARD 07 PRECINCT 09,4
42101000710,PHILADELPHIA WARD 07 PRECINCT 10,4
42101000711,PHILADELPHIA WARD 07 PRECINCT 11,4
42101000712,PHILADELPHIA WARD 07 PRECINCT 12,4
42101000713,PHILADELPHIA WARD 07 PRECINCT 13,4
42101000714,PHILADELPHIA WARD 07 PRECINCT 14,4
42101000715,PHILADELPHIA WARD 07 PRECINCT 15,4
42101000716,PHILADELPHIA WARD 07 PRECINCT 16,4
42101000717,PHILADELPHIA WARD 07 PRECINCT 17,4
42101000718,PHILADELPHIA WARD 07 PRECINCT 18,4
42101000719,PHILADELPHIA WARD 07 PRECINCT 19,4
42101000720,PHILADELPHIA WARD 07 PRECINCT 20,4
42101000721,PHILADELPHIA WARD 07 PRECINCT 21,4
42101000722,PHILADELPHIA WARD 07 PRECINCT 22,4
42101000723,PHILADELPHIA WARD 07 PRECINCT 23,4
42101000801,PHILADELPHIA WARD 08 PRECINCT 01,3
42101000802,PHILADELPHIA WARD 08 PRECINCT 02,3
42101000803,PHILADELPHIA WARD 08 PRECINCT 03,3
42101000804,PHILADELPHIA WARD 08 PRECINCT 04,3
42101000806,PHILADELPHIA WARD 08 PRECINCT 06,3
42101000807,PHILADELPHIA WARD 08 PRECINCT 07,3
42101000808,PHILADELPHIA WARD 08 PRECINCT 08,3
42101000809,PHILADELPHIA WARD 08 PRECINCT 09,3
42101000810,PHILADELPHIA WARD 08 PRECINCT 10,3
42101000811,PHILADELPHIA WARD 08 PRECINCT 11,3
42101000812,PHILADELPHIA WARD 08 PRECINCT 12,3
42101000813,PHILADELPHIA WARD 08 PRECINCT 13,3
42101000816,PHILADELPHIA WARD 08 PRECINCT 16,3
42101000817,PHILADELPHIA WARD 08 PRECINCT 17,5
42101000818,PHILADELPHIA WARD 08 PRECINCT 18,5
42101000821,PHILADELPHIA WARD 08 PRECINCT 21,3
42101000825,PHILADELPHIA WARD 08 PRECINCT 25,5
42101000827,PHILADELPHIA WARD 08 PRECINCT 27,3
42101000828,PHILADELPHIA WARD 08 PRECINCT 28,3
42101000829,PHILADELPHIA WARD 08 PRECINCT 29,5
42101000830,PHILADELPHIA WARD 08 PRECINCT 30,5
42101000831,PHILADELPHIA WARD 08 PRECINCT 05,3
42101000832,PHILADELPHIA WARD 08 PRECINCT 14,3
42101000833,PHILADELPHIA WARD 08 PRECINCT 15,3
42101000834,PHILADELPHIA WARD 08 PRECINCT 20,3
42101000835,PHILADELPHIA WARD 08 PRECINCT 24,5
42101000836,PHILADELPHIA WARD 08 PRECINCT 26,5
42101000837,PHILADELPHIA WARD 08 PRECINCT 31,5
42101000838,PHILADELPHIA WARD 08 PRECINCT 32,5
42101000839,PHILADELPHIA WARD 08 PRECINCT 33,3
42101000840,PHILADELPHIA WARD 08 PRECINCT 34,3
42101000841,PHILADELPHIA WARD 08 PRECINCT 35,3
42101000849,PHILADELPHIA WARD 08 PRECINCT 19,5
42101000852,PHILADELPHIA WARD 08 PRECINCT 22,5
42101000853,PHILADELPHIA WARD 08 PRECINCT 23,5
42101000901,PHILADELPHIA WARD 09 PRECINCT 01,2
42101000902,PHILADELPHIA WARD 09 PRECINCT 02,2
42101000903,PHILADELPHIA WARD 09 PRECINCT 03,2
42101000904,PHILADELPHIA WARD 09 PRECINCT 04,2
42101000905,PHILADELPHIA WARD 09 PRECINCT 05,2
42101000906,PHILADELPHIA WARD 09 PRECINCT 06,2
42101000907,PHILADELPHIA WARD 09 PRECINCT 07,2
42101000908,PHILADELPHIA WARD 09 PRECINCT 08,2
42101000909,PHILADELPHIA WARD 09 PRECINCT 09,2
42101000910,PHILADELPHIA WARD 09 PRECINCT 10,2
42101000911,PHILADELPHIA WARD 09 PRECINCT 11,2
42101000912,PHILADELPHIA WARD 09 PRECINCT 12,2
42101000913,PHILADELPHIA WARD 09 PRECINCT 13,2
42101000914,PHILADELPHIA WARD 09 PRECINCT 14,2
42101000915,PHILADELPHIA WARD 09 PRECINCT 15,2
42101000916,PHILADELPHIA WARD 09 PRECINCT 16,2
42101000917,PHILADELPHIA WARD 09 PRECINCT 17,2
42101001001,PHILADELPHIA WARD 10 PRECINCT 01,2
42101001002,PHILADELPHIA WARD 10 PRECINCT 02,2
42101001003,PHILADELPHIA WARD 10 PRECINCT 03,2
42101001004,PHILADELPHIA WARD 10 PRECINCT 04,2
42101001005,PHILADELPHIA WARD 10 PRECINCT 05,2
42101001006,PHILADELPHIA WARD 10 PRECINCT 06,2
42101001007,PHILADELPHIA WARD 10 PRECINCT 07,2
42101001008,PHILADELPHIA WARD 10 PRECINCT 08,2
42101001009,PHILADELPHIA WARD 10 PRECINCT 09,2
42101001010,PHILADELPHIA WARD 10 PRECINCT 10,2
42101001011,PHILADELPHIA WARD 10 PRECINCT 11,2
42101001012,PHILADELPHIA WARD 10 PRECINCT 12,2
42101001013,PHILADELPHIA WARD 10 PRECINCT 13,2
42101001014,PHILADELPHIA WARD 10 PRECINCT 14,2
42101001015,PHILADELPHIA WARD 10 PRECINCT 15,2
42101001016,PHILADELPHIA WARD 10 PRECINCT 16,2
42101001017,PHILADELPHIA WARD 10 PRECINCT 17,2
42101001018,PHILADELPHIA WARD 10 PRECINCT 18,2
42101001019,PHILADELPHIA WARD 10 PRECINCT 19,2
42101001020,PHILADELPHIA WARD 10 PRECINCT 20,2
42101001021,PHILADELPHIA WARD 10 PRECINCT 21,2
42101001022,PHILADELPHIA WARD 10 PRECINCT 22,2
42101001023,PHILADELPHIA WARD 10 PRECINCT 23,2
42101001024,PHILADELPHIA WARD 10 PRECINCT 24,2
42101001025,PHILADELPHIA WARD 10 PRECINCT 25,2
42101001026,PHILADELPHIA WARD 10 PRECINCT 26,2
42101001027,PHILADELPHIA WARD 10 PRECINCT 27,2
42101001028,PHILADELPHIA WARD 10 PRECINCT 28,2
42101001029,PHILADELPHIA WARD 10 PRECINCT 29,2
42101001057,PHILADELPHIA WARD 05 PRECINCT 09,3
42101001068,PHILADELPHIA WARD 05 PRECINCT 10,3
42101001069,PHILADELPHIA WARD 05 PRECINCT 16,3
42101001080,PHILADELPHIA WARD 05 PRECINCT 17,4
42101001081,PHILADELPHIA WARD 05 PRECINCT 21,4
42101001082,PHILADELPHIA WARD 05 PRECINCT 30,4
42101001083,PHILADELPHIA WARD 05 PRECINCT 31,5
42101001084,PHILADELPHIA WARD 05 PRECINCT 32,4
42101001085,PHILADELPHIA WARD 05 PRECINCT 33,4
42101001086,PHILADELPHIA WARD 05 PRECINCT 34,4
42101001087,PHILADELPHIA WARD 05 PRECINCT 25,5
42101001088,PHILADELPHIA WARD 05 PRECINCT 26,3
42101001089,PHILADELPHIA WARD 05 PRECINCT 27,4
42101001101,PHILADELPHIA WARD 11 PRECINCT 01,2
42101001102,PHILADELPHIA WARD 11 PRECINCT 02,2
42101001103,PHILADELPHIA WARD 11 PRECINCT 03,2
42101001104,PHILADELPHIA WARD 11 PRECINCT 04,2
42101001105,PHILADELPHIA WARD 11 PRECINCT 05,2
42101001106,PHILADELPHIA WARD 11 PRECINCT 06,2
42101001107,PHILADELPHIA WARD 11 PRECINCT 07,2
42101001108,PHILADELPHIA WARD 11 PRECINCT 08,2
42101001109,PHILADELPHIA WARD 11 PRECINCT 09,2
42101001110,PHILADELPHIA WARD 11 PRECINCT 10,2
42101001111,PHILADELPHIA WARD 11 PRECINCT 11,2
42101001112,PHILADELPHIA WARD 11 PRECINCT 12,2
42101001113,PHILADELPHIA WARD 11 PRECINCT 13,2
42101001114,PHILADELPHIA WARD 11 PRECINCT 14,2
42101001115,PHILADELPHIA WARD 11 PRECINCT 15,2
42101001116,PHILADELPHIA WARD 11 PRECINCT 16,2
42101001117,PHILADELPHIA WARD 11 PRECINCT 17,2
42101001118,PHILADELPHIA WARD 11 PRECINCT 18,2
42101001119,PHILADELPHIA WARD 11 PRECINCT 19,2
42101001120,PHILADELPHIA WARD 11 PRECINCT 20,2
42101001201,PHILADELPHIA WARD 12 PRECINCT 01,2
42101001202,PHILADELPHIA WARD 12 PRECINCT 02,2
42101001203,PHILADELPHIA WARD 12 PRECINCT 03,2
42101001204,PHILADELPHIA WARD 12 PRECINCT 04,2
42101001205,PHILADELPHIA WARD 12 PRECINCT 05,2
42101001206,PHILADELPHIA WARD 12 PRECINCT 06,2
42101001207,PHILADELPHIA WARD 12 PRECINCT 07,2
42101001208,PHILADELPHIA WARD 12 PRECINCT 08,2
42101001209,PHILADELPHIA WARD 12 PRECINCT 09,2
42101001210,PHILADELPHIA WARD 12 PRECINCT 10,2
42101001211,PHILADELPHIA WARD 12 PRECINCT 11,2
42101001212,PHILADELPHIA WARD 12 PRECINCT 12,2
42101001213,PHILADELPHIA WARD 12 PRECINCT 13,2
42101001214,PHILADELPHIA WARD 12 PRECINCT 14,2
42101001215,PHILADELPHIA WARD 12 PRECINCT 15,2
42101001216,PHILADELPHIA WARD 12 PRECINCT 16,2
42101001217,PHILADELPHIA WARD 12 PRECINCT 17,2
42101001218,PHILADELPHIA WARD 12 PRECINCT 18,2
42101001219,PHILADELPHIA WARD 12 PRECINCT 19,2
42101001220,PHILADELPHIA WARD 12 PRECINCT 20,2
42101001221,PHILADELPHIA WARD 12 PRECINCT 21,2
42101001222,PHILADELPHIA WARD 12 PRECINCT 22,2
42101001223,PHILADELPHIA WARD 12 PRECINCT 23,2
42101001224,PHILADELPHIA WARD 12 PRECINCT 24,2
42101001301,PHILADELPHIA WARD 13 PRECINCT 01,2
42101001302,PHILADELPHIA WARD 13 PRECINCT 02,2
42101001303,PHILADELPHIA WARD 13 PRECINCT 03,2
42101001304,PHILADELPHIA WARD 13 PRECINCT 04,2
42101001305,PHILADELPHIA WARD 13 PRECINCT 05,2
42101001306,PHILADELPHIA WARD 13 PRECINCT 06,2
42101001307,PHILADELPHIA WARD 13 PRECINCT 07,2
42101001308,PHILADELPHIA WARD 13 PRECINCT 08,2
42101001309,PHILADELPHIA WARD 13 PRECINCT 09,2
42101001310,PHILADELPHIA WARD 13 PRECINCT 10,2
42101001311,PHILADELPHIA WARD 13 PRECINCT 11,2
42101001312,PHILADELPHIA WARD 13 PRECINCT 12,2
42101001313,PHILADELPHIA WARD 13 PRECINCT 13,2
42101001314,PHILADELPHIA WARD 13 PRECINCT 14,2
42101001315,PHILADELPHIA WARD 13 PRECINCT 15,2
42101001316,PHILADELPHIA WARD 13 PRECINCT 16,2
42101001317,PHILADELPHIA WARD 13 PRECINCT 17,2
42101001318,PHILADELPHIA WARD 13 PRECINCT 18,2
42101001319,PHILADELPHIA WARD 13 PRECINCT 19,2
42101001320,PHILADELPHIA WARD 13 PRECINCT 20,2
42101001321,PHILADELPHIA WARD 13 PRECINCT 21,2
42101001322,PHILADELPHIA WARD 13 PRECINCT 22,2
42101001323,PHILADELPHIA WARD 13 PRECINCT 23,2
42101001324,PHILADELPHIA WARD 13 PRECINCT 24,2
42101001325,PHILADELPHIA WARD 13 PRECINCT 25,2
42101001401,PHILADELPHIA WARD 14 PRECINCT 01,5
42101001402,PHILADELPHIA WARD 14 PRECINCT 02,5
42101001403,PHILADELPHIA WARD 14 PRECINCT 03,5
42101001404,PHILADELPHIA WARD 14 PRECINCT 04,5
42101001405,PHILADELPHIA WARD 14 PRECINCT 05,5
42101001406,PHILADELPHIA WARD 14 PRECINCT 06,5
42101001407,PHILADELPHIA WARD 14 PRECINCT 07,5
42101001408,PHILADELPHIA WARD 14 PRECINCT 08,5
42101001409,PHILADELPHIA WARD 14 PRECINCT 09,5
42101001410,PHILADELPHIA WARD 14 PRECINCT 10,5
42101001411,PHILADELPHIA WARD 14 PRECINCT 11,5
42101001501,PHILADELPHIA WARD 15 PRECINCT 01,5
42101001502,PHILADELPHIA WARD 15 PRECINCT 02,5
42101001503,PHILADELPHIA WARD 15 PRECINCT 03,5
42101001504,PHILADELPHIA WARD 15 PRECINCT 04,5
42101001505,PHILADELPHIA WARD 15 PRECINCT 05,5
42101001506,PHILADELPHIA WARD 15 PRECINCT 06,5
42101001507,PHILADELPHIA WARD 15 PRECINCT 07,5
42101001508,PHILADELPHIA WARD 15 PRECINCT 08,5
42101001509,PHILADELPHIA WARD 15 PRECINCT 09,5
42101001510,PHILADELPHIA WARD 15 PRECINCT 10,5
42101001511,PHILADELPHIA WARD 15 PRECINCT 11,5
42101001512,PHILADELPHIA WARD 15 PRECINCT 12,5
42101001513,PHILADELPHIA WARD 15 PRECINCT 13,5
42101001514,PHILADELPHIA WARD 15 PRECINCT 14,5
42101001515,PHILADELPHIA WARD 15 PRECINCT 15,5
42101001516,PHILADELPHIA WARD 15 PRECINCT 16,5
42101001517,PHILADELPHIA WARD 15 PRECINCT 17,5
42101001518,PHILADELPHIA WARD 15 PRECINCT 18,5
42101001519,PHILADELPHIA WARD 15 PRECINCT 19,5
42101001601,PHILADELPHIA WARD 16 PRECINCT 01,5
42101001602,PHILADELPHIA WARD 16 PRECINCT 02,5
42101001603,PHILADELPHIA WARD 16 PRECINCT 03,5
42101001604,PHILADELPHIA WARD 16 PRECINCT 04,5
42101001605,PHILADELPHIA WARD 16 PRECINCT 05,5
42101001606,PHILADELPHIA WARD 16 PRECINCT 06,5
42101001607,PHILADELPHIA WARD 16 PRECINCT 07,5
42101001608,PHILADELPHIA WARD 16 PRECINCT 08,5
42101001609,PHILADELPHIA WARD 16 PRECINCT 09,5
42101001610,PHILADELPHIA WARD 16 PRECINCT 10,5
42101001611,PHILADELPHIA WARD 16 PRECINCT 11,5
42101001612,PHILADELPHIA WARD 16 PRECINCT 12,5
42101001613,PHILADELPHIA WARD 16 PRECINCT 13,5
42101001614,PHILADELPHIA WARD 16 PRECINCT 14,5
42101001615,PHILADELPHIA WARD 16 PRECINCT 15,5
42101001616,PHILADELPHIA WARD 16 PRECINCT 16,5
42101001617,PHILADELPHIA WARD 16 PRECINCT 17,2
42101001618,PHILADELPHIA WARD 16 PRECINCT 18,2
42101001701,PHILADELPHIA WARD 17 PRECINCT 01,2
42101001702,PHILADELPHIA WARD 17 PRECINCT 02,2
42101001703,PHILADELPHIA WARD 17 PRECINCT 03,2
42101001704,PHILADELPHIA WARD 17 PRECINCT 04,2
42101001705,PHILADELPHIA WARD 17 PRECINCT 05,2
42101001706,PHILADELPHIA WARD 17 PRECINCT 06,2
42101001707,PHILADELPHIA WARD 17 PRECINCT 07,2
42101001708,PHILADELPHIA WARD 17 PRECINCT 08,2
42101001709,PHILADELPHIA WARD 17 PRECINCT 09,2
42101001710,PHILADELPHIA WARD 17 PRECINCT 10,2
42101001711,PHILADELPHIA WARD 17 PRECINCT 11,2
42101001712,PHILADELPHIA WARD 17 PRECINCT 12,2
42101001713,PHILADELPHIA WARD 17 PRECINCT 13,2
42101001714,PHILADELPHIA WARD 17 PRECINCT 14,2
42101001715,PHILADELPHIA WARD 17 PRECINCT 15,2
42101001716,PHILADELPHIA WARD 17 PRECINCT 16,2
42101001717,PHILADELPHIA WARD 17 PRECINCT 17,2
42101001718,PHILADELPHIA WARD 17 PRECINCT 18,2
42101001719,PHILADELPHIA WARD 17 PRECINCT 19,2
42101001720,PHILADELPHIA WARD 17 PRECINCT 20,2
42101001721,PHILADELPHIA WARD 17 PRECINCT 21,2
42101001722,PHILADELPHIA WARD 17 PRECINCT 22,2
42101001723,PHILADELPHIA WARD 17 PRECINCT 23,2
42101001724,PHILADELPHIA WARD 17 PRECINCT 24,2
42101001725,PHILADELPHIA WARD 17 PRECINCT 25,2
42101001726,PHILADELPHIA WARD 17 PRECINCT 26,2
42101001727,PHILADELPHIA WARD 17 PRECINCT 27,2
42101001728,PHILADELPHIA WARD 17 PRECINCT 28,2
42101001729,PHILADELPHIA WARD 17 PRECINCT 29,2
42101001799,PHILADELPHIA WARD 18 PRECINCT 01,4
42101001803,PHILADELPHIA WARD 18 PRECINCT 03,4
42101001805,PHILADELPHIA WARD 18 PRECINCT 05,4
42101001806,PHILADELPHIA WARD 18 PRECINCT 06,4
42101001807,PHILADELPHIA WARD 18 PRECINCT 07,4
42101001808,PHILADELPHIA WARD 18 PRECINCT 08,4
42101001810,PHILADELPHIA WARD 18 PRECINCT 10,4
42101001811,PHILADELPHIA WARD 18 PRECINCT 11,4
42101001812,PHILADELPHIA WARD 18 PRECINCT 12,4
42101001813,PHILADELPHIA WARD 18 PRECINCT 13,4
42101001814,PHILADELPHIA WARD 18 PRECINCT 14,4
42101001815,PHILADELPHIA WARD 18 PRECINCT 15,4
42101001816,PHILADELPHIA WARD 18 PRECINCT 16,4
42101001817,PHILADELPHIA WARD 18 PRECINCT 17,4
42101001818,PHILADELPHIA WARD 18 PRECINCT 18,4
42101001819,PHILADELPHIA WARD 18 PRECINCT 09,4
42101001820,PHILADELPHIA WARD 18 PRECINCT 02,4
42101001821,PHILADELPHIA WARD 18 PRECINCT 04,4
42101001822,PHILADELPHIA WARD 18 PRECINCT 19,4
42101001901,PHILADELPHIA WARD 19 PRECINCT 01,4
42101001902,PHILADELPHIA WARD 19 PRECINCT 02,4
42101001903,PHILADELPHIA WARD 19 PRECINCT 03,4
42101001904,PHILADELPHIA WARD 19 PRECINCT 04,4
42101001905,PHILADELPHIA WARD 19 PRECINCT 05,4
42101001906,PHILADELPHIA WARD 19 PRECINCT 06,4
42101001907,PHILADELPHIA WARD 19 PRECINCT 07,4
42101001908,PHILADELPHIA WARD 19 PRECINCT 08,4
42101001909,PHILADELPHIA WARD 19 PRECINCT 09,4
42101001910,PHILADELPHIA WARD 19 PRECINCT 10,4
42101001911,PHILADELPHIA WARD 19 PRECINCT 11,4
42101001912,PHILADELPHIA WARD 19 PRECINCT 12,4
42101001913,PHILADELPHIA WARD 19 PRECINCT 13,4
42101001914,PHILADELPHIA WARD 19 PRECINCT 14,4
42101001915,PHILADELPHIA WARD 19 PRECINCT 15,4
42101001916,PHILADELPHIA WARD 19 PRECINCT 16,4
42101001917,PHILADELPHIA WARD 19 PRECINCT 17,4
42101001918,PHILADELPHIA WARD 19 PRECINCT 18,4
42101001919,PHILADELPHIA WARD 19 PRECINCT 19,4
42101002001,PHILADELPHIA WARD 20 PRECINCT 01,5
42101002002,PHILADELPHIA WARD 20 PRECINCT 02,5
42101002004,PHILADELPHIA WARD 20 PRECINCT 04,5
42101002005,PHILADELPHIA WARD 20 PRECINCT 05,5
42101002006,PHILADELPHIA WARD 20 PRECINCT 06,5
42101002007,PHILADELPHIA WARD 20 PRECINCT 07,5
42101002008,PHILADELPHIA WARD 20 PRECINCT 08,5
42101002009,PHILADELPHIA WARD 20 PRECINCT 09,5
42101002010,PHILADELPHIA WARD 20 PRECINCT 10,5
42101002011,PHILADELPHIA WARD 20 DISTRICT 11,5
42101002023,PHILADELPHIA WARD 20 DISTRICT 03,5
42101002101,PHILADELPHIA WARD 21 PRECINCT 01,2
42101002102,PHILADELPHIA WARD 21 PRECINCT 02,2
42101002103,PHILADELPHIA WARD 21 PRECINCT 03,2
42101002104,PHILADELPHIA WARD 21 PRECINCT 04,2
42101002105,PHILADELPHIA WARD 21 PRECINCT 05,2
42101002106,PHILADELPHIA WARD 21 PRECINCT 06,2
42101002107,PHILADELPHIA WARD 21 PRECINCT 07,2
42101002108,PHILADELPHIA WARD 21 PRECINCT 08,2
42101002109,PHILADELPHIA WARD 21 PRECINCT 09,2
42101002110,PHILADELPHIA WARD 21 PRECINCT 10,2
42101002111,PHILADELPHIA WARD 21 PRECINCT 11,2
42101002112,PHILADELPHIA WARD 21 PRECINCT 12,2
42101002113,PHILADELPHIA WARD 21 PRECINCT 13,2
42101002114,PHILADELPHIA WARD 21 PRECINCT 14,2
42101002115,PHILADELPHIA WARD 21 PRECINCT 15,2
42101002116,PHILADELPHIA WARD 21 PRECINCT 16,2
42101002117,PHILADELPHIA WARD 21 PRECINCT 17,2
42101002118,PHILADELPHIA WARD 21 PRECINCT 18,2
42101002119,PHILADELPHIA WARD 21 PRECINCT 19,2
42101002120,PHILADELPHIA WARD 21 PRECINCT 20,2
42101002121,PHILADELPHIA WARD 21 PRECINCT 21,2
42101002122,PHILADELPHIA WARD 21 PRECINCT 22,2
42101002123,PHILADELPHIA WARD 21 PRECINCT 23,2
42101002124,PHILADELPHIA WARD 21 PRECINCT 24,2
42101002125,PHILADELPHIA WARD 21 PRECINCT 25,2
42101002126,PHILADELPHIA WARD 21 PRECINCT 26,2
42101002127,PHILADELPHIA WARD 21 PRECINCT 27,2
42101002128,PHILADELPHIA WARD 21 PRECINCT 28,2
42101002129,PHILADELPHIA WARD 21 PRECINCT 29,2
42101002130,PHILADELPHIA WARD 21 PRECINCT 30,2
42101002131,PHILADELPHIA WARD 21 PRECINCT 31,2
42101002132,PHILADELPHIA WARD 21 PRECINCT 32,2
42101002133,PHILADELPHIA WARD 21 PRECINCT 33,2
42101002134,PHILADELPHIA WARD 21 PRECINCT 34,2
42101002135,PHILADELPHIA WARD 21 PRECINCT 35,2
42101002136,PHILADELPHIA WARD 21 PRECINCT 36,2
42101002137,PHILADELPHIA WARD 21 PRECINCT 37,2
42101002138,PHILADELPHIA WARD 21 PRECINCT 38,2
42101002139,PHILADELPHIA WARD 21 PRECINCT 39,2
42101002140,PHILADELPHIA WARD 21 PRECINCT 40,2
42101002141,PHILADELPHIA WARD 21 PRECINCT 41,2
42101002142,PHILADELPHIA WARD 21 PRECINCT 42,2
42101002143,PHILADELPHIA WARD 21 PRECINCT 43,2
42101002144,PHILADELPHIA WARD 21 PRECINCT 44,2
42101002145,PHILADELPHIA WARD 21 PRECINCT 45,2
42101002201,PHILADELPHIA WARD 22 PRECINCT 01,2
42101002202,PHILADELPHIA WARD 22 PRECINCT 02,2
42101002203,PHILADELPHIA WARD 22 PRECINCT 03,2
42101002204,PHILADELPHIA WARD 22 PRECINCT 04,2
42101002205,PHILADELPHIA WARD 22 PRECINCT 05,2
42101002206,PHILADELPHIA WARD 22 PRECINCT 06,2
42101002207,PHILADELPHIA WARD 22 PRECINCT 07,2
42101002208,PHILADELPHIA WARD 22 PRECINCT 08,2
42101002209,PHILADELPHIA WARD 22 PRECINCT 09,2
42101002210,PHILADELPHIA WARD 22 PRECINCT 10,2
42101002211,PHILADELPHIA WARD 22 PRECINCT 11,2
42101002212,PHILADELPHIA WARD 22 PRECINCT 12,2
42101002213,PHILADELPHIA WARD 22 PRECINCT 13,2
42101002214,PHILADELPHIA WARD 22 PRECINCT 14,2
42101002215,PHILADELPHIA WARD 22 PRECINCT 15,2
42101002216,PHILADELPHIA WARD 22 PRECINCT 16,2
42101002217,PHILADELPHIA WARD 22 PRECINCT 17,2
42101002218,PHILADELPHIA WARD 22 PRECINCT 18,2
42101002219,PHILADELPHIA WARD 22 PRECINCT 19,2
42101002220,PHILADELPHIA WARD 22 PRECINCT 20,2
42101002221,PHILADELPHIA WARD 22 PRECINCT 21,2
42101002222,PHILADELPHIA WARD 22 PRECINCT 22,2
42101002223,PHILADELPHIA WARD 22 PRECINCT 23,2
42101002224,PHILADELPHIA WARD 22 PRECINCT 24,2
42101002225,PHILADELPHIA WARD 22 PRECINCT 25,2
42101002226,PHILADELPHIA WARD 22 PRECINCT 26,2
42101002227,PHILADELPHIA WARD 22 PRECINCT 27,2
42101002228,PHILADELPHIA WARD 22 PRECINCT 28,2
42101002229,PHILADELPHIA WARD 22 PRECINCT 29,2
42101002301,PHILADELPHIA WARD 23 PRECINCT 01,4
42101002302,PHILADELPHIA WARD 23 PRECINCT 02,4
42101002303,PHILADELPHIA WARD 23 PRECINCT 03,4
42101002304,PHILADELPHIA WARD 23 PRECINCT 04,4
42101002305,PHILADELPHIA WARD 23 PRECINCT 05,4
42101002306,PHILADELPHIA WARD 23 PRECINCT 06,4
42101002307,PHILADELPHIA WARD 23 PRECINCT 07,4
42101002308,PHILADELPHIA WARD 23 PRECINCT 08,4
42101002309,PHILADELPHIA WARD 23 PRECINCT 09,4
42101002310,PHILADELPHIA WARD 23 PRECINCT 10,4
42101002311,PHILADELPHIA WARD 23 PRECINCT 11,4
42101002312,PHILADELPHIA WARD 23 PRECINCT 12,4
42101002313,PHILADELPHIA WARD 23 PRECINCT 13,4
42101002314,PHILADELPHIA WARD 23 PRECINCT 14,4
42101002315,PHILADELPHIA WARD 23 PRECINCT 15,4
42101002316,PHILADELPHIA WARD 23 PRECINCT 16,4
42101002317,PHILADELPHIA WARD 23 PRECINCT 17,4
42101002318,PHILADELPHIA WARD 23 PRECINCT 18,4
42101002319,PHILADELPHIA WARD 23 PRECINCT 19,4
42101002320,PHILADELPHIA WARD 23 PRECINCT 20,4
42101002321,PHILADELPHIA WARD 23 PRECINCT 21,4
42101002322,PHILADELPHIA WARD 23 PRECINCT 22,4
42101002323,PHILADELPHIA WARD 23 PRECINCT 23,4
42101002401,PHILADELPHIA WARD 24 PRECINCT 01,5
42101002402,PHILADELPHIA WARD 24 PRECINCT 02,5
42101002403,PHILADELPHIA WARD 24 PRECINCT 03,5
42101002404,PHILADELPHIA WARD 24 PRECINCT 04,5
42101002405,PHILADELPHIA WARD 24 PRECINCT 05,5
42101002406,PHILADELPHIA WARD 24 PRECINCT 06,5
42101002407,PHILADELPHIA WARD 24 PRECINCT 07,5
42101002408,PHILADELPHIA WARD 24 PRECINCT 08,5
42101002409,PHILADELPHIA WARD 24 PRECINCT 09,5
42101002411,PHILADELPHIA WARD 24 PRECINCT 11,5
42101002412,PHILADELPHIA WARD 24 PRECINCT 12,5
42101002413,PHILADELPHIA WARD 24 PRECINCT 13,5
42101002414,PHILADELPHIA WARD 24 PRECINCT 14,5
42101002415,PHILADELPHIA WARD 24 PRECINCT 15,5
42101002416,PHILADELPHIA WARD 24 PRECINCT 16,5
42101002417,PHILADELPHIA WARD 24 PRECINCT 17,5
42101002418,PHILADELPHIA WARD 24 DISTRICT 18,5
42101002419,PHILADELPHIA WARD 24 DISTRICT 19,5
42101002440,PHILADELPHIA WARD 24 DISTRICT 10,5
42101002501,PHILADELPHIA WARD 25 PRECINCT 01,4
42101002502,PHILADELPHIA WARD 25 PRECINCT 02,4
42101002503,PHILADELPHIA WARD 25 PRECINCT 03,4
42101002504,PHILADELPHIA WARD 25 PRECINCT 04,4
42101002505,PHILADELPHIA WARD 25 PRECINCT 05,4
42101002506,PHILADELPHIA WARD 25 PRECINCT 06,4
42101002507,PHILADELPHIA WARD 25 PRECINCT 07,4
42101002508,PHILADELPHIA WARD 25 PRECINCT 08,4
42101002509,PHILADELPHIA WARD 25 PRECINCT 09,4
42101002510,PHILADELPHIA WARD 25 PRECINCT 10,4
42101002511,PHILADELPHIA WARD 25 PRECINCT 11,4
42101002512,PHILADELPHIA WARD 25 PRECINCT 12,4
42101002513,PHILADELPHIA WARD 25 PRECINCT 13,4
42101002514,PHILADELPHIA WARD 25 PRECINCT 14,4
42101002515,PHILADELPHIA WARD 25 PRECINCT 15,4
42101002516,PHILADELPHIA WARD 25 PRECINCT 16,4
42101002517,PHILADELPHIA WARD 25 PRECINCT 17,4
42101002518,PHILADELPHIA WARD 25 PRECINCT 18,4
42101002519,PHILADELPHIA WARD 25 PRECINCT 19,4
42101002520,PHILADELPHIA WARD 25 PRECINCT 20,4
42101002521,PHILADELPHIA WARD 25 PRECINCT 21,4
42101002522,PHILADELPHIA WARD 25 PRECINCT 22,4
42101002523,PHILADELPHIA WARD 25 PRECINCT 23,4
42101002524,PHILADELPHIA WARD 25 PRECINCT 24,4
42101002601,PHILADELPHIA WARD 26 PRECINCT 01,3
42101002602,PHILADELPHIA WARD 26 PRECINCT 02,3
42101002603,PHILADELPHIA WARD 26 PRECINCT 03,3
42101002604,PHILADELPHIA WARD 26 PRECINCT 04,3
42101002605,PHILADELPHIA WARD 26 PRECINCT 05,3
42101002606,PHILADELPHIA WARD 26 PRECINCT 06,3
42101002607,PHILADELPHIA WARD 26 PRECINCT 07,3
42101002608,PHILADELPHIA WARD 26 PRECINCT 08,3
42101002609,PHILADELPHIA WARD 26 PRECINCT 09,3
42101002610,PHILADELPHIA WARD 26 PRECINCT 10,3
42101002611,PHILADELPHIA WARD 26 PRECINCT 11,3
42101002612,PHILADELPHIA WARD 26 PRECINCT 12,3
42101002613,PHILADELPHIA WARD 26 PRECINCT 13,3
42101002614,PHILADELPHIA WARD 26 PRECINCT 14,3
42101002615,PHILADELPHIA WARD 26 PRECINCT 15,3
42101002616,PHILADELPHIA WARD 26 PRECINCT 16,3
42101002617,PHILADELPHIA WARD 26 PRECINCT 17,3
42101002618,PHILADELPHIA WARD 26 PRECINCT 18,3
42101002619,PHILADELPHIA WARD 26 PRECINCT 19,3
42101002620,PHILADELPHIA WARD 26 PRECINCT 20,3
42101002621,PHILADELPHIA WARD 26 PRECINCT 21,3
42101002622,PHILADELPHIA WARD 26 PRECINCT 22,3
42101002623,PHILADELPHIA WARD 26 PRECINCT 23,3
42101002701,PHILADELPHIA WARD 27 PRECINCT 01,5
42101002702,PHILADELPHIA WARD 27 PRECINCT 02,5
42101002703,PHILADELPHIA WARD 27 PRECINCT 03,5
42101002704,PHILADELPHIA WARD 27 PRECINCT 04,3
42101002705,PHILADELPHIA WARD 27 PRECINCT 05,5
42101002706,PHILADELPHIA WARD 27 PRECINCT 06,5
42101002707,PHILADELPHIA WARD 27 PRECINCT 07,3
42101002708,PHILADELPHIA WARD 27 PRECINCT 08,5
42101002709,PHILADELPHIA WARD 27 PRECINCT 09,5
42101002710,PHILADELPHIA WARD 27 PRECINCT 10,5
42101002711,PHILADELPHIA WARD 27 PRECINCT 11,5
42101002712,PHILADELPHIA WARD 27 PRECINCT 12,3
42101002713,PHILADELPHIA WARD 27 PRECINCT 13,5
42101002714,PHILADELPHIA WARD 27 PRECINCT 14,5
42101002715,PHILADELPHIA WARD 27 PRECINCT 15,3
42101002716,PHILADELPHIA WARD 27 PRECINCT 16,3
42101002717,PHILADELPHIA WARD 27 PRECINCT 17,3
42101002718,PHILADELPHIA WARD 27 PRECINCT 18,5
42101002719,PHILADELPHIA WARD 27 PRECINCT 19,3
42101002720,PHILADELPHIA WARD 27 PRECINCT 20,5
42101002721,PHILADELPHIA WARD 27 PRECINCT 21,5
42101002722,PHILADELPHIA WARD 27 PRECINCT 22,5
42101002723,PHILADELPHIA WARD 27 PRECINCT 23,5
42101002801,PHILADELPHIA WARD 28 PRECINCT 01,2
42101002802,PHILADELPHIA WARD 28 PRECINCT 02,2
42101002803,PHILADELPHIA WARD 28 PRECINCT 03,2
42101002804,PHILADELPHIA WARD 28 PRECINCT 04,2
42101002805,PHILADELPHIA WARD 28 PRECINCT 05,2
42101002806,PHILADELPHIA WARD 28 PRECINCT 06,2
42101002807,PHILADELPHIA WARD 28 PRECINCT 07,2
42101002808,PHILADELPHIA WARD 28 PRECINCT 08,2
42101002809,PHILADELPHIA WARD 28 PRECINCT 09,2
42101002810,PHILADELPHIA WARD 28 PRECINCT 10,2
42101002811,PHILADELPHIA WARD 28 PRECINCT 11,2
42101002812,PHILADELPHIA WARD 28 PRECINCT 12,2
42101002813,PHILADELPHIA WARD 28 PRECINCT 13,2
42101002814,PHILADELPHIA WARD 28 PRECINCT 14,2
42101002815,PHILADELPHIA WARD 28 PRECINCT 15,2
42101002816,PHILADELPHIA WARD 28 PRECINCT 16,2
42101002817,PHILADELPHIA WARD 28 PRECINCT 17,2
42101002818,PHILADELPHIA WARD 28 PRECINCT 18,2
42101002901,PHILADELPHIA WARD 29 PRECINCT 01,5
42101002902,PHILADELPHIA WARD 29 PRECINCT 02,5
42101002903,PHILADELPHIA WARD 29 PRECINCT 03,5
42101002904,PHILADELPHIA WARD 29 PRECINCT 04,5
42101002905,PHILADELPHIA WARD 29 PRECINCT 05,5
42101002906,PHILADELPHIA WARD 29 PRECINCT 06,5
42101002907,PHILADELPHIA WARD 29 PRECINCT 07,5
42101002908,PHILADELPHIA WARD 29 PRECINCT 08,5
42101002909,PHILADELPHIA WARD 29 PRECINCT 09,5
42101002910,PHILADELPHIA WARD 29 PRECINCT 10,5
42101002911,PHILADELPHIA WARD 29 PRECINCT 11,5
42101002912,PHILADELPHIA WARD 29 PRECINCT 12,5
42101002913,PHILADELPHIA WARD 29 PRECINCT 13,5
42101002914,PHILADELPHIA WARD 29 PRECINCT 14,5
42101002915,PHILADELPHIA WARD 29 PRECINCT 15,5
42101002916,PHILADELPHIA WARD 29 PRECINCT 16,5
42101002917,PHILADELPHIA WARD 29 PRECINCT 17,5
42101002918,PHILADELPHIA WARD 29 PRECINCT 18,5
42101003001,PHILADELPHIA WARD 30 PRECINCT 01,3
42101003002,PHILADELPHIA WARD 30 PRECINCT 02,3
42101003003,PHILADELPHIA WARD 30 PRECINCT 03,3
42101003004,PHILADELPHIA WARD 30 PRECINCT 04,3
42101003005,PHILADELPHIA WARD 30 PRECINCT 05,3
42101003006,PHILADELPHIA WARD 30 PRECINCT 06,3
42101003007,PHILADELPHIA WARD 30 PRECINCT 07,3
42101003008,PHILADELPHIA WARD 30 PRECINCT 08,3
42101003009,PHILADELPHIA WARD 30 PRECINCT 09,3
42101003010,PHILADELPHIA WARD 30 PRECINCT 10,3
42101003011,PHILADELPHIA WARD 30 PRECINCT 11,3
42101003012,PHILADELPHIA WARD 30 PRECINCT 12,3
42101003013,PHILADELPHIA WARD 30 PRECINCT 13,3
42101003014,PHILADELPHIA WARD 30 PRECINCT 14,3
42101003015,PHILADELPHIA WARD 30 PRECINCT 15,3
42101003016,PHILADELPHIA WARD 30 PRECINCT 16,3
42101003017,PHILADELPHIA WARD 30 PRECINCT 17,3
42101003101,PHILADELPHIA WARD 31 PRECINCT 01,4
42101003102,PHILADELPHIA WARD 31 PRECINCT 02,4
42101003103,PHILADELPHIA WARD 31 PRECINCT 03,4
42101003104,PHILADELPHIA WARD 31 PRECINCT 04,4
42101003105,PHILADELPHIA WARD 31 PRECINCT 05,4
42101003106,PHILADELPHIA WARD 31 PRECINCT 06,4
42101003107,PHILADELPHIA WARD 31 PRECINCT 07,4
42101003108,PHILADELPHIA WARD 31 PRECINCT 08,4
42101003109,PHILADELPHIA WARD 31 PRECINCT 09,4
42101003110,PHILADELPHIA WARD 31 PRECINCT 10,4
42101003111,PHILADELPHIA WARD 31 PRECINCT 11,4
42101003112,PHILADELPHIA WARD 31 PRECINCT 12,4
42101003113,PHILADELPHIA WARD 31 PRECINCT 13,4
42101003114,PHILADELPHIA WARD 31 PRECINCT 14,4
42101003115,PHILADELPHIA WARD 31 PRECINCT 15,4
42101003116,PHILADELPHIA WARD 31 PRECINCT 16,4
42101003117,PHILADELPHIA WARD 31 PRECINCT 17,4
42101003118,PHILADELPHIA WARD 31 PRECINCT 18,4
42101003119,PHILADELPHIA WARD 31 PRECINCT 19,4
42101003201,PHILADELPHIA WARD 32 PRECINCT 01,5
42101003202,PHILADELPHIA WARD 32 PRECINCT 02,5
42101003203,PHILADELPHIA WARD 32 PRECINCT 03,5
42101003204,PHILADELPHIA WARD 32 PRECINCT 04,5
42101003205,PHILADELPHIA WARD 32 PRECINCT 05,5
42101003206,PHILADELPHIA WARD 32 PRECINCT 06,5
42101003207,PHILADELPHIA WARD 32 PRECINCT 07,5
42101003208,PHILADELPHIA WARD 32 PRECINCT 08,5
42101003209,PHILADELPHIA WARD 32 PRECINCT 09,5
42101003210,PHILADELPHIA WARD 32 PRECINCT 10,5
42101003211,PHILADELPHIA WARD 32 PRECINCT 11,5
42101003212,PHILADELPHIA WARD 32 PRECINCT 12,5
42101003213,PHILADELPHIA WARD 32 PRECINCT 13,5
42101003214,PHILADELPHIA WARD 32 PRECINCT 14,5
42101003215,PHILADELPHIA WARD 32 PRECINCT 15,5
42101003216,PHILADELPHIA WARD 32 PRECINCT 16,5
42101003217,PHILADELPHIA WARD 32 PRECINCT 17,5
42101003218,PHILADELPHIA WARD 32 PRECINCT 18,5
42101003219,PHILADELPHIA WARD 32 PRECINCT 19,2
42101003220,PHILADELPHIA WARD 32 PRECINCT 20,5
42101003221,PHILADELPHIA WARD 32 PRECINCT 21,2
42101003222,PHILADELPHIA WARD 32 PRECINCT 22,2
42101003223,PHILADELPHIA WARD 32 PRECINCT 23,2
42101003224,PHILADELPHIA WARD 32 PRECINCT 24,2
42101003225,PHILADELPHIA WARD 32 PRECINCT 25,2
42101003226,PHILADELPHIA WARD 32 PRECINCT 26,2
42101003227,PHILADELPHIA WARD 32 PRECINCT 27,2
42101003228,PHILADELPHIA WARD 32 PRECINCT 28,5
42101003229,PHILADELPHIA WARD 32 PRECINCT 29,5
42101003230,PHILADELPHIA WARD 32 PRECINCT 30,5
42101003231,PHILADELPHIA WARD 32 PRECINCT 31,5
42101003301,PHILADELPHIA WARD 33 PRECINCT 01,4
42101003302,PHILADELPHIA WARD 33 PRECINCT 02,4
42101003303,PHILADELPHIA WARD 33 PRECINCT 03,4
42101003304,PHILADELPHIA WARD 33 PRECINCT 04,4
42101003305,PHILADELPHIA WARD 33 PRECINCT 05,4
42101003306,PHILADELPHIA WARD 33 PRECINCT 06,4
42101003307,PHILADELPHIA WARD 33 PRECINCT 07,4
42101003308,PHILADELPHIA WARD 33 PRECINCT 08,4
42101003309,PHILADELPHIA WARD 33 PRECINCT 09,4
42101003310,PHILADELPHIA WARD 33 PRECINCT 10,4
42101003311,PHILADELPHIA WARD 33 PRECINCT 11,4
42101003312,PHILADELPHIA WARD 33 PRECINCT 12,4
42101003313,PHILADELPHIA WARD 33 PRECINCT 13,4
42101003314,PHILADELPHIA WARD 33 PRECINCT 14,4
42101003315,PHILADELPHIA WARD 33 PRECINCT 15,4
42101003316,PHILADELPHIA WARD 33 PRECINCT 16,4
42101003317,PHILADELPHIA WARD 33 PRECINCT 17,4
42101003318,PHILADELPHIA WARD 33 PRECINCT 18,4
42101003319,PHILADELPHIA WARD 33 PRECINCT 19,4
42101003320,PHILADELPHIA WARD 33 PRECINCT 20,4
42101003321,PHILADELPHIA WARD 33 PRECINCT 21,4
42101003322,PHILADELPHIA WARD 33 PRECINCT 22,4
42101003323,PHILADELPHIA WARD 33 PRECINCT 23,4
42101003324,PHILADELPHIA WARD 33 PRECINCT 24,4
42101003401,PHILADELPHIA WARD 34 PRECINCT 01,5
42101003402,PHILADELPHIA WARD 34 PRECINCT 02,5
42101003403,PHILADELPHIA WARD 34 PRECINCT 03,5
42101003404,PHILADELPHIA WARD 34 PRECINCT 04,5
42101003405,PHILADELPHIA WARD 34 PRECINCT 05,5
42101003406,PHILADELPHIA WARD 34 PRECINCT 06,5
42101003407,PHILADELPHIA WARD 34 PRECINCT 07,5
42101003408,PHILADELPHIA WARD 34 PRECINCT 08,5
42101003409,PHILADELPHIA WARD 34 PRECINCT 09,5
42101003410,PHILADELPHIA WARD 34 PRECINCT 10,5
42101003411,PHILADELPHIA WARD 34 PRECINCT 11,5
42101003412,PHILADELPHIA WARD 34 PRECINCT 12,5
42101003413,PHILADELPHIA WARD 34 PRECINCT 13,5
42101003414,PHILADELPHIA WARD 34 PRECINCT 14,5
42101003415,PHILADELPHIA WARD 34 PRECINCT 15,5
42101003416,PHILADELPHIA WARD 34 PRECINCT 16,5
42101003417,PHILADELPHIA WARD 34 PRECINCT 17,5
42101003418,PHILADELPHIA WARD 34 PRECINCT 18,5
42101003419,PHILADELPHIA WARD 34 PRECINCT 19,5
42101003420,PHILADELPHIA WARD 34 PRECINCT 20,5
42101003421,PHILADELPHIA WARD 34 PRECINCT 21,5
42101003422,PHILADELPHIA WARD 34 PRECINCT 22,5
42101003423,PHILADELPHIA WARD 34 PRECINCT 23,5
42101003424,PHILADELPHIA WARD 34 PRECINCT 24,5
42101003425,PHILADELPHIA WARD 34 PRECINCT 25,5
42101003426,PHILADELPHIA WARD 34 PRECINCT 26,5
42101003427,PHILADELPHIA WARD 34 PRECINCT 27,5
42101003428,PHILADELPHIA WARD 34 PRECINCT 28,5
42101003429,PHILADELPHIA WARD 34 PRECINCT 29,5
42101003430,PHILADELPHIA WARD 34 PRECINCT 30,5
42101003431,PHILADELPHIA WARD 34 PRECINCT 31,5
42101003432,PHILADELPHIA WARD 34 PRECINCT 32,5
42101003433,PHILADELPHIA WARD 34 PRECINCT 33,5
42101003434,PHILADELPHIA WARD 34 PRECINCT 34,5
42101003435,PHILADELPHIA WARD 34 PRECINCT 35,5
42101003436,PHILADELPHIA WARD 34 PRECINCT 36,5
42101003437,PHILADELPHIA WARD 34 PRECINCT 37,5
42101003438,PHILADELPHIA WARD 34 PRECINCT 38,5
42101003439,PHILADELPHIA WARD 34 PRECINCT 39,5
42101003440,PHILADELPHIA WARD 34 PRECINCT 40,5
42101003441,PHILADELPHIA WARD 34 PRECINCT 41,5
42101003442,PHILADELPHIA WARD 34 PRECINCT 42,5
42101003501,PHILADELPHIA WARD 35 PRECINCT 01,1
42101003502,PHILADELPHIA WARD 35 PRECINCT 02,1
42101003503,PHILADELPHIA WARD 35 PRECINCT 03,1
42101003504,PHILADELPHIA WARD 35 PRECINCT 04,1
42101003505,PHILADELPHIA WARD 35 PRECINCT 05,1
42101003506,PHILADELPHIA WARD 35 PRECINCT 06,4
42101003507,PHILADELPHIA WARD 35 PRECINCT 07,1
42101003508,PHILADELPHIA WARD 35 PRECINCT 08,4
42101003509,PHILADELPHIA WARD 35 PRECINCT 09,4
42101003510,PHILADELPHIA WARD 35 PRECINCT 10,4
42101003511,PHILADELPHIA WARD 35 PRECINCT 11,4
42101003512,PHILADELPHIA WARD 35 PRECINCT 12,4
42101003513,PHILADELPHIA WARD 35 PRECINCT 13,4
42101003514,PHILADELPHIA WARD 35 PRECINCT 14,4
42101003515,PHILADELPHIA WARD 35 PRECINCT 15,4
42101003516,PHILADELPHIA WARD 35 PRECINCT 16,4
42101003517,PHILADELPHIA WARD 35 PRECINCT 17,4
42101003518,PHILADELPHIA WARD 35 PRECINCT 18,4
42101003519,PHILADELPHIA WARD 35 PRECINCT 19,4
42101003520,PHILADELPHIA WARD 35 PRECINCT 20,4
42101003521,PHILADELPHIA WARD 35 PRECINCT 21,4
42101003522,PHILADELPHIA WARD 35 PRECINCT 22,4
42101003523,PHILADELPHIA WARD 35 PRECINCT 23,4
42101003524,PHILADELPHIA WARD 35 PRECINCT 24,4
42101003525,PHILADELPHIA WARD 35 PRECINCT 25,4
42101003526,PHILADELPHIA WARD 35 PRECINCT 26,4
42101003527,PHILADELPHIA WARD 35 PRECINCT 27,4
42101003528,PHILADELPHIA WARD 35 PRECINCT 28,4
42101003529,PHILADELPHIA WARD 35 PRECINCT 29,4
42101003530,PHILADELPHIA WARD 35 PRECINCT 30,4
42101003531,PHILADELPHIA WARD 35 PRECINCT 31,4
42101003532,PHILADELPHIA WARD 35 PRECINCT 32,1
42101003601,PHILADELPHIA WARD 36 PRECINCT 01,3
42101003602,PHILADELPHIA WARD 36 PRECINCT 02,3
42101003603,PHILADELPHIA WARD 36 PRECINCT 03,3
42101003604,PHILADELPHIA WARD 36 PRECINCT 04,3
42101003605,PHILADELPHIA WARD 36 PRECINCT 05,3
42101003606,PHILADELPHIA WARD 36 PRECINCT 06,3
42101003607,PHILADELPHIA WARD 36 PRECINCT 07,3
42101003608,PHILADELPHIA WARD 36 PRECINCT 08,3
42101003609,PHILADELPHIA WARD 36 PRECINCT 09,3
42101003610,PHILADELPHIA WARD 36 PRECINCT 10,3
42101003611,PHILADELPHIA WARD 36 PRECINCT 11,3
42101003612,PHILADELPHIA WARD 36 PRECINCT 12,3
42101003613,PHILADELPHIA WARD 36 PRECINCT 13,3
42101003614,PHILADELPHIA WARD 36 PRECINCT 14,3
42101003615,PHILADELPHIA WARD 36 PRECINCT 15,3
42101003616,PHILADELPHIA WARD 36 PRECINCT 16,3
42101003617,PHILADELPHIA WARD 36 PRECINCT 17,3
42101003618,PHILADELPHIA WARD 36 PRECINCT 18,3
42101003619,PHILADELPHIA WARD 36 PRECINCT 19,3
42101003620,PHILADELPHIA WARD 36 PRECINCT 20,3
42101003621,PHILADELPHIA WARD 36 PRECINCT 21,3
42101003622,PHILADELPHIA WARD 36 PRECINCT 22,3
42101003623,PHILADELPHIA WARD 36 PRECINCT 23,3
42101003624,PHILADELPHIA WARD 36 PRECINCT 24,3
42101003625,PHILADELPHIA WARD 36 PRECINCT 25,3
42101003626,PHILADELPHIA WARD 36 PRECINCT 26,3
42101003627,PHILADELPHIA WARD 36 PRECINCT 27,3
42101003628,PHILADELPHIA WARD 36 PRECINCT 28,3
42101003629,PHILADELPHIA WARD 36 PRECINCT 29,3
42101003630,PHILADELPHIA WARD 36 PRECINCT 30,3
42101003631,PHILADELPHIA WARD 36 PRECINCT 31,3
42101003632,PHILADELPHIA WARD 36 PRECINCT 32,3
42101003633,PHILADELPHIA WARD 36 PRECINCT 33,3
42101003634,PHILADELPHIA WARD 36 PRECINCT 34,3
42101003635,PHILADELPHIA WARD 36 PRECINCT 35,3
42101003636,PHILADELPHIA WARD 36 PRECINCT 36,3
42101003637,PHILADELPHIA WARD 36 PRECINCT 37,3
42101003638,PHILADELPHIA WARD 36 PRECINCT 38,3
42101003639,PHILADELPHIA WARD 36 PRECINCT 39,3
42101003640,PHILADELPHIA WARD 36 PRECINCT 40,3
42101003641,PHILADELPHIA WARD 36 PRECINCT 41,3
42101003701,PHILADELPHIA WARD 37 PRECINCT 01,5
42101003702,PHILADELPHIA WARD 37 PRECINCT 02,5
42101003703,PHILADELPHIA WARD 37 PRECINCT 03,5
42101003704,PHILADELPHIA WARD 37 PRECINCT 04,5
42101003705,PHILADELPHIA WARD 37 PRECINCT 05,5
42101003706,PHILADELPHIA WARD 37 PRECINCT 06,5
42101003707,PHILADELPHIA WARD 37 PRECINCT 07,5
42101003708,PHILADELPHIA WARD 37 PRECINCT 08,5
42101003709,PHILADELPHIA WARD 37 PRECINCT 09,2
42101003710,PHILADELPHIA WARD 37 PRECINCT 10,2
42101003711,PHILADELPHIA WARD 37 PRECINCT 11,2
42101003712,PHILADELPHIA WARD 37 PRECINCT 12,2
42101003713,PHILADELPHIA WARD 37 PRECINCT 13,5
42101003714,PHILADELPHIA WARD 37 PRECINCT 14,5
42101003715,PHILADELPHIA WARD 37 PRECINCT 15,5
42101003716,PHILADELPHIA WARD 37 PRECINCT 16,2
42101003717,PHILADELPHIA WARD 37 PRECINCT 17,2
42101003718,PHILADELPHIA WARD 37 PRECINCT 18,2
42101003719,PHILADELPHIA WARD 37 PRECINCT 19,2
42101003720,PHILADELPHIA WARD 37 PRECINCT 20,2
42101003721,PHILADELPHIA WARD 37 PRECINCT 21,2
42101003801,PHILADELPHIA WARD 38 PRECINCT 01,2
42101003802,PHILADELPHIA WARD 38 PRECINCT 02,2
42101003803,PHILADELPHIA WARD 38 PRECINCT 03,2
42101003804,PHILADELPHIA WARD 38 PRECINCT 04,2
42101003805,PHILADELPHIA WARD 38 PRECINCT 05,2
42101003806,PHILADELPHIA WARD 38 PRECINCT 06,2
42101003807,PHILADELPHIA WARD 38 PRECINCT 07,2
42101003808,PHILADELPHIA WARD 38 PRECINCT 08,2
42101003809,PHILADELPHIA WARD 38 PRECINCT 09,5
42101003810,PHILADELPHIA WARD 38 PRECINCT 10,2
42101003811,PHILADELPHIA WARD 38 PRECINCT 11,2
42101003812,PHILADELPHIA WARD 38 PRECINCT 12,2
42101003813,PHILADELPHIA WARD 38 PRECINCT 13,2
42101003814,PHILADELPHIA WARD 38 PRECINCT 14,2
42101003815,PHILADELPHIA WARD 38 PRECINCT 15,5
42101003816,PHILADELPHIA WARD 38 PRECINCT 16,2
42101003817,PHILADELPHIA WARD 38 PRECINCT 17,2
42101003818,PHILADELPHIA WARD 38 PRECINCT 18,2
42101003819,PHILADELPHIA WARD 38 PRECINCT 19,5
42101003820,PHILADELPHIA WARD 38 PRECINCT 20,2
42101003821,PHILADELPHIA WARD 38 PRECINCT 21,2
42101003901,PHILADELPHIA WARD 39 PRECINCT 01,3
42101003902,PHILADELPHIA WARD 39 PRECINCT 02,3
42101003903,PHILADELPHIA WARD 39 PRECINCT 03,3
42101003904,PHILADELPHIA WARD 39 PRECINCT 04,3
42101003905,PHILADELPHIA WARD 39 PRECINCT 05,3
42101003906,PHILADELPHIA WARD 39 PRECINCT 06,3
42101003907,PHILADELPHIA WARD 39 PRECINCT 07,3
42101003908,PHILADELPHIA WARD 39 PRECINCT 08,3
42101003909,PHILADELPHIA WARD 39 PRECINCT 09,3
42101003910,PHILADELPHIA WARD 39 PRECINCT 10,3
42101003911,PHILADELPHIA WARD 39 PRECINCT 11,3
42101003912,PHILADELPHIA WARD 39 PRECINCT 12,3
42101003913,PHILADELPHIA WARD 39 PRECINCT 13,3
42101003914,PHILADELPHIA WARD 39 PRECINCT 14,3
42101003915,PHILADELPHIA WARD 39 PRECINCT 15,3
42101003916,PHILADELPHIA WARD 39 PRECINCT 16,3
42101003917,PHILADELPHIA WARD 39 PRECINCT 17,3
42101003918,PHILADELPHIA WARD 39 PRECINCT 18,3
42101003919,PHILADELPHIA WARD 39 PRECINCT 19,3
42101003920,PHILADELPHIA WARD 39 PRECINCT 20,3
42101003921,PHILADELPHIA WARD 39 PRECINCT 21,3
42101003922,PHILADELPHIA WARD 39 PRECINCT 22,3
42101003923,PHILADELPHIA WARD 39 PRECINCT 23,3
42101003924,PHILADELPHIA WARD 39 PRECINCT 24,3
42101003925,PHILADELPHIA WARD 39 PRECINCT 25,3
42101003926,PHILADELPHIA WARD 39 PRECINCT 26,3
42101003927,PHILADELPHIA WARD 39 PRECINCT 27,3
42101003928,PHILADELPHIA WARD 39 PRECINCT 28,3
42101003929,PHILADELPHIA WARD 39 PRECINCT 29,3
42101003930,PHILADELPHIA WARD 39 PRECINCT 30,3
42101003931,PHILADELPHIA WARD 39 PRECINCT 31,3
42101003932,PHILADELPHIA WARD 39 PRECINCT 32,3
42101003933,PHILADELPHIA WARD 39 PRECINCT 33,3
42101003934,PHILADELPHIA WARD 39 PRECINCT 34,3
42101003935,PHILADELPHIA WARD 39 PRECINCT 35,3
42101003936,PHILADELPHIA WARD 39 PRECINCT 36,3
42101003937,PHILADELPHIA WARD 39 PRECINCT 37,3
42101003938,PHILADELPHIA WARD 39 PRECINCT 38,3
42101003939,PHILADELPHIA WARD 39 PRECINCT 39,3
42101003940,PHILADELPHIA WARD 39 PRECINCT 40,3
42101003941,PHILADELPHIA WARD 39 PRECINCT 41,3
42101003942,PHILADELPHIA WARD 39 PRECINCT 42,3
42101003943,PHILADELPHIA WARD 39 PRECINCT 43,3
42101003944,PHILADELPHIA WARD 39 PRECINCT 44,3
42101003945,PHILADELPHIA WARD 39 PRECINCT 45,3
42101003946,PHILADELPHIA WARD 39 PRECINCT 46,3
42101004001,PHILADELPHIA WARD 40 PRECINCT 01,3
42101004002,PHILADELPHIA WARD 40 PRECINCT 02,3
42101004003,PHILADELPHIA WARD 40 PRECINCT 03,3
42101004004,PHILADELPHIA WARD 40 PRECINCT 04,3
42101004005,PHILADELPHIA WARD 40 PRECINCT 05,3
42101004006,PHILADELPHIA WARD 40 PRECINCT 06,3
42101004007,PHILADELPHIA WARD 40 PRECINCT 07,3
42101004008,PHILADELPHIA WARD 40 PRECINCT 08,3
42101004009,PHILADELPHIA WARD 40 PRECINCT 09,3
42101004010,PHILADELPHIA WARD 40 PRECINCT 10,3
42101004011,PHILADELPHIA WARD 40 PRECINCT 11,3
42101004012,PHILADELPHIA WARD 40 PRECINCT 12,3
42101004013,PHILADELPHIA WARD 40 PRECINCT 13,3
42101004014,PHILADELPHIA WARD 40 PRECINCT 14,3
42101004015,PHILADELPHIA WARD 40 PRECINCT 15,3
42101004016,PHILADELPHIA WARD 40 PRECINCT 16,3
42101004017,PHILADELPHIA WARD 40 PRECINCT 17,3
42101004018,PHILADELPHIA WARD 40 PRECINCT 18,3
42101004019,PHILADELPHIA WARD 40 PRECINCT 19,3
42101004020,PHILADELPHIA WARD 40 PRECINCT 20,3
42101004021,PHILADELPHIA WARD 40 PRECINCT 21,3
42101004022,PHILADELPHIA WARD 40 PRECINCT 22,3
42101004023,PHILADELPHIA WARD 40 PRECINCT 23,3
42101004024,PHILADELPHIA WARD 40 PRECINCT 24,3
42101004025,PHILADELPHIA WARD 40 PRECINCT 25,3
42101004026,PHILADELPHIA WARD 40 PRECINCT 26,3
42101004027,PHILADELPHIA WARD 40 PRECINCT 27,3
42101004028,PHILADELPHIA WARD 40 PRECINCT 28,3
42101004029,PHILADELPHIA WARD 40 PRECINCT 29,3
42101004030,PHILADELPHIA WARD 40 WARD 30,3
42101004031,PHILADELPHIA WARD 40 PRECINCT 31,3
42101004032,PHILADELPHIA WARD 40 PRECINCT 32,3
42101004033,PHILADELPHIA WARD 40 PRECINCT 33,3
42101004034,PHILADELPHIA WARD 40 PRECINCT 34,3
42101004035,PHILADELPHIA WARD 40 PRECINCT 35,3
42101004036,PHILADELPHIA WARD 40 PRECINCT 36,3
42101004037,PHILADELPHIA WARD 40 PRECINCT 37,3
42101004038,PHILADELPHIA WARD 40 PRECINCT 38,3
42101004039,PHILADELPHIA WARD 40 PRECINCT 39,3
42101004040,PHILADELPHIA WARD 40 PRECINCT 40,3
42101004041,PHILADELPHIA WARD 40 PRECINCT 41,3
42101004042,PHILADELPHIA WARD 40 PRECINCT 42,3
42101004043,PHILADELPHIA WARD 40 PRECINCT 43,3
42101004044,PHILADELPHIA WARD 40 PRECINCT 44,3
42101004045,PHILADELPHIA WARD 40 PRECINCT 45,3
42101004046,PHILADELPHIA WARD 40 PRECINCT 46,3
42101004047,PHILADELPHIA WARD 40 PRECINCT 47,3
42101004048,PHILADELPHIA WARD 40 PRECINCT 48,3
42101004049,PHILADELPHIA WARD 40 PRECINCT 49,3
42101004050,PHILADELPHIA WARD 40 PRECINCT 50,3
42101004051,PHILADELPHIA WARD 40 PRECINCT 51,3
42101004101,PHILADELPHIA WARD 41 PRECINCT 01,4
42101004102,PHILADELPHIA WARD 41 PRECINCT 02,4
42101004103,PHILADELPHIA WARD 41 PRECINCT 03,4
42101004104,PHILADELPHIA WARD 41 PRECINCT 04,4
42101004105,PHILADELPHIA WARD 41 PRECINCT 05,4
42101004106,PHILADELPHIA WARD 41 PRECINCT 06,4
42101004107,PHILADELPHIA WARD 41 PRECINCT 07,4
42101004108,PHILADELPHIA WARD 41 PRECINCT 08,4
42101004109,PHILADELPHIA WARD 41 PRECINCT 09,4
42101004110,PHILADELPHIA WARD 41 PRECINCT 10,4
42101004111,PHILADELPHIA WARD 41 PRECINCT 11,4
42101004112,PHILADELPHIA WARD 41 PRECINCT 12,4
42101004113,PHILADELPHIA WARD 41 PRECINCT 13,4
42101004114,PHILADELPHIA WARD 41 PRECINCT 14,1
42101004115,PHILADELPHIA WARD 41 PRECINCT 15,1
42101004116,PHILADELPHIA WARD 41 PRECINCT 16,1
42101004117,PHILADELPHIA WARD 41 PRECINCT 17,1
42101004118,PHILADELPHIA WARD 41 PRECINCT 18,1
42101004119,PHILADELPHIA WARD 41 PRECINCT 19,1
42101004120,PHILADELPHIA WARD 41 PRECINCT 20,1
42101004121,PHILADELPHIA WARD 41 PRECINCT 21,1
42101004122,PHILADELPHIA WARD 41 PRECINCT 22,1
42101004123,PHILADELPHIA WARD 41 PRECINCT 23,1
42101004124,PHILADELPHIA WARD 41 PRECINCT 24,1
42101004125,PHILADELPHIA WARD 41 PRECINCT 25,1
42101004126,PHILADELPHIA WARD 41 PRECINCT 26,1
42101004201,PHILADELPHIA WARD 42 PRECINCT 01,4
42101004202,PHILADELPHIA WARD 42 PRECINCT 02,4
42101004203,PHILADELPHIA WARD 42 PRECINCT 03,4
42101004204,PHILADELPHIA WARD 42 PRECINCT 04,4
42101004205,PHILADELPHIA WARD 42 PRECINCT 05,4
42101004206,PHILADELPHIA WARD 42 PRECINCT 06,4
42101004207,PHILADELPHIA WARD 42 PRECINCT 07,4
42101004208,PHILADELPHIA WARD 42 PRECINCT 08,4
42101004209,PHILADELPHIA WARD 42 PRECINCT 09,4
42101004210,PHILADELPHIA WARD 42 PRECINCT 10,4
42101004211,PHILADELPHIA WARD 42 PRECINCT 11,4
42101004212,PHILADELPHIA WARD 42 PRECINCT 12,4
42101004213,PHILADELPHIA WARD 42 PRECINCT 13,4
42101004214,PHILADELPHIA WARD 42 PRECINCT 14,4
42101004215,PHILADELPHIA WARD 42 PRECINCT 15,4
42101004216,PHILADELPHIA WARD 42 PRECINCT 16,4
42101004217,PHILADELPHIA WARD 42 PRECINCT 17,4
42101004218,PHILADELPHIA WARD 42 PRECINCT 18,4
42101004219,PHILADELPHIA WARD 42 PRECINCT 19,4
42101004220,PHILADELPHIA WARD 42 PRECINCT 20,4
42101004221,PHILADELPHIA WARD 42 PRECINCT 21,4
42101004222,PHILADELPHIA WARD 42 PRECINCT 22,4
42101004223,PHILADELPHIA WARD 42 PRECINCT 23,4
42101004224,PHILADELPHIA WARD 42 PRECINCT 24,4
42101004225,PHILADELPHIA WARD 42 PRECINCT 25,4
42101004301,PHILADELPHIA WARD 43 PRECINCT 01,2
42101004302,PHILADELPHIA WARD 43 PRECINCT 02,2
42101004303,PHILADELPHIA WARD 43 PRECINCT 03,2
42101004304,PHILADELPHIA WARD 43 PRECINCT 04,2
42101004305,PHILADELPHIA WARD 43 PRECINCT 05,2
42101004306,PHILADELPHIA WARD 43 PRECINCT 06,2
42101004307,PHILADELPHIA WARD 43 PRECINCT 07,2
42101004308,PHILADELPHIA WARD 43 PRECINCT 08,2
42101004309,PHILADELPHIA WARD 43 PRECINCT 09,2
42101004310,PHILADELPHIA WARD 43 PRECINCT 10,2
42101004311,PHILADELPHIA WARD 43 PRECINCT 11,2
42101004312,PHILADELPHIA WARD 43 PRECINCT 12,2
42101004313,PHILADELPHIA WARD 43 PRECINCT 13,2
42101004314,PHILADELPHIA WARD 43 PRECINCT 14,2
42101004315,PHILADELPHIA WARD 43 PRECINCT 15,2
42101004316,PHILADELPHIA WARD 43 PRECINCT 16,2
42101004317,PHILADELPHIA WARD 43 PRECINCT 17,2
42101004318,PHILADELPHIA WARD 43 PRECINCT 18,2
42101004319,PHILADELPHIA WARD 43 PRECINCT 19,2
42101004320,PHILADELPHIA WARD 43 PRECINCT 20,2
42101004321,PHILADELPHIA WARD 43 PRECINCT 21,2
42101004322,PHILADELPHIA WARD 43 PRECINCT 22,2
42101004323,PHILADELPHIA WARD 43 PRECINCT 23,2
42101004324,PHILADELPHIA WARD 43 PRECINCT 24,2
42101004325,PHILADELPHIA WARD 43 PRECINCT 25,2
42101004401,PHILADELPHIA WARD 44 PRECINCT 01,5
42101004402,PHILADELPHIA WARD 44 PRECINCT 02,5
42101004403,PHILADELPHIA WARD 44 PRECINCT 03,5
42101004404,PHILADELPHIA WARD 44 PRECINCT 04,5
42101004405,PHILADELPHIA WARD 44 PRECINCT 05,5
42101004406,PHILADELPHIA WARD 44 PRECINCT 06,5
42101004407,PHILADELPHIA WARD 44 PRECINCT 07,5
42101004408,PHILADELPHIA WARD 44 PRECINCT 08,5
42101004409,PHILADELPHIA WARD 44 PRECINCT 09,5
42101004410,PHILADELPHIA WARD 44 PRECINCT 10,5
42101004411,PHILADELPHIA WARD 44 PRECINCT 11,5
42101004412,PHILADELPHIA WARD 44 PRECINCT 12,5
42101004413,PHILADELPHIA WARD 44 PRECINCT 13,5
42101004414,PHILADELPHIA WARD 44 PRECINCT 14,5
42101004415,PHILADELPHIA WARD 44 PRECINCT 15,5
42101004416,PHILADELPHIA WARD 44 PRECINCT 16,5
42101004417,PHILADELPHIA WARD 44 PRECINCT 17,5
42101004418,PHILADELPHIA WARD 44 PRECINCT 18,5
42101004419,PHILADELPHIA WARD 44 PRECINCT 19,5
42101004501,PHILADELPHIA WARD 45 PRECINCT 01,4
42101004502,PHILADELPHIA WARD 45 PRECINCT 02,4
42101004503,PHILADELPHIA WARD 45 PRECINCT 03,4
42101004504,PHILADELPHIA WARD 45 PRECINCT 04,4
42101004505,PHILADELPHIA WARD 45 PRECINCT 05,4
42101004506,PHILADELPHIA WARD 45 PRECINCT 06,4
42101004507,PHILADELPHIA WARD 45 PRECINCT 07,4
42101004508,PHILADELPHIA WARD 45 PRECINCT 08,4
42101004509,PHILADELPHIA WARD 45 PRECINCT 09,4
42101004510,PHILADELPHIA WARD 45 PRECINCT 10,4
42101004511,PHILADELPHIA WARD 45 PRECINCT 11,4
42101004512,PHILADELPHIA WARD 45 PRECINCT 12,4
42101004513,PHILADELPHIA WARD 45 PRECINCT 13,4
42101004514,PHILADELPHIA WARD 45 PRECINCT 14,4
42101004515,PHILADELPHIA WARD 45 PRECINCT 15,4
42101004516,PHILADELPHIA WARD 45 PRECINCT 16,4
42101004517,PHILADELPHIA WARD 45 PRECINCT 17,4
42101004518,PHILADELPHIA WARD 45 PRECINCT 18,4
42101004519,PHILADELPHIA WARD 45 PRECINCT 19,4
42101004520,PHILADELPHIA WARD 45 PRECINCT 20,4
42101004521,PHILADELPHIA WARD 45 PRECINCT 21,4
42101004522,PHILADELPHIA WARD 45 PRECINCT 22,4
42101004523,PHILADELPHIA WARD 45 PRECINCT 23,4
42101004524,PHILADELPHIA WARD 45 PRECINCT 24,4
42101004525,PHILADELPHIA WARD 45 PRECINCT 25,4
42101004601,PHILADELPHIA WARD 46 PRECINCT 01,5
42101004602,PHILADELPHIA WARD 46 PRECINCT 02,5
42101004603,PHILADELPHIA WARD 46 PRECINCT 03,5
42101004604,PHILADELPHIA WARD 46 PRECINCT 04,5
42101004605,PHILADELPHIA WARD 46 PRECINCT 05,5
42101004606,PHILADELPHIA WARD 46 PRECINCT 06,5
42101004607,PHILADELPHIA WARD 46 PRECINCT 07,5
42101004608,PHILADELPHIA WARD 46 PRECINCT 08,3
42101004609,PHILADELPHIA WARD 46 PRECINCT 09,5
42101004610,PHILADELPHIA WARD 46 PRECINCT 10,5
42101004611,PHILADELPHIA WARD 46 PRECINCT 11,5
42101004612,PHILADELPHIA WARD 46 PRECINCT 12,5
42101004613,PHILADELPHIA WARD 46 PRECINCT 13,5
42101004614,PHILADELPHIA WARD 46 PRECINCT 14,5
42101004615,PHILADELPHIA WARD 46 PRECINCT 15,5
42101004616,PHILADELPHIA WARD 46 PRECINCT 16,3
42101004617,PHILADELPHIA WARD 46 PRECINCT 17,3
42101004618,PHILADELPHIA WARD 46 PRECINCT 18,5
42101004619,PHILADELPHIA WARD 46 PRECINCT 19,5
42101004620,PHILADELPHIA WARD 46 PRECINCT 20,5
42101004621,PHILADELPHIA WARD 46 PRECINCT 21,5
42101004622,PHILADELPHIA WARD 46 PRECINCT 22,5
42101004623,PHILADELPHIA WARD 46 PRECINCT 23,5
42101004701,PHILADELPHIA WARD 47 PRECINCT 01,5
42101004702,PHILADELPHIA WARD 47 PRECINCT 02,5
42101004703,PHILADELPHIA WARD 47 PRECINCT 03,5
42101004704,PHILADELPHIA WARD 47 PRECINCT 04,5
42101004705,PHILADELPHIA WARD 47 PRECINCT 05,5
42101004706,PHILADELPHIA WARD 47 PRECINCT 06,5
42101004707,PHILADELPHIA WARD 47 PRECINCT 07,5
42101004708,PHILADELPHIA WARD 47 PRECINCT 08,5
42101004709,PHILADELPHIA WARD 47 PRECINCT 09,5
42101004710,PHILADELPHIA WARD 47 PRECINCT 10,5
42101004711,PHILADELPHIA WARD 47 PRECINCT 11,5
42101004712,PHILADELPHIA WARD 47 PRECINCT 12,5
42101004713,PHILADELPHIA WARD 47 PRECINCT 13,5
42101004714,PHILADELPHIA WARD 47 PRECINCT 14,5
42101004801,PHILADELPHIA WARD 48 PRECINCT 01,3
42101004802,PHILADELPHIA WARD 48 PRECINCT 02,3
42101004803,PHILADELPHIA WARD 48 PRECINCT 03,3
42101004804,PHILADELPHIA WARD 48 PRECINCT 04,3
42101004805,PHILADELPHIA WARD 48 PRECINCT 05,3
42101004806,PHILADELPHIA WARD 48 PRECINCT 06,3
42101004807,PHILADELPHIA WARD 48 PRECINCT 07,3
42101004808,PHILADELPHIA WARD 48 PRECINCT 08,3
42101004809,PHILADELPHIA WARD 48 PRECINCT 09,3
42101004810,PHILADELPHIA WARD 48 PRECINCT 10,3
42101004811,PHILADELPHIA WARD 48 PRECINCT 11,3
42101004812,PHILADELPHIA WARD 48 PRECINCT 12,3
42101004813,PHILADELPHIA WARD 48 PRECINCT 13,3
42101004814,PHILADELPHIA WARD 48 PRECINCT 14,3
42101004815,PHILADELPHIA WARD 48 PRECINCT 15,3
42101004816,PHILADELPHIA WARD 48 PRECINCT 16,3
42101004817,PHILADELPHIA WARD 48 PRECINCT 17,3
42101004818,PHILADELPHIA WARD 48 PRECINCT 18,3
42101004819,PHILADELPHIA WARD 48 PRECINCT 19,3
42101004820,PHILADELPHIA WARD 48 PRECINCT 20,3
42101004821,PHILADELPHIA WARD 48 PRECINCT 21,3
42101004822,PHILADELPHIA WARD 48 PRECINCT 22,3
42101004823,PHILADELPHIA WARD 48 PRECINCT 23,3
42101004870,PHILADELPHIA WARD 49 DISTRICT 02,2
42101004875,PHILADELPHIA WARD 49 DISTRICT 03,2
42101004885,PHILADELPHIA WARD 49 DISTRICT 06,2
42101004890,PHILADELPHIA WARD 49 DISTRICT 13,2
42101004895,PHILADELPHIA WARD 49 DISTRICT 15,2
42101004901,PHILADELPHIA WARD 49 PRECINCT 01,2
42101004904,PHILADELPHIA WARD 49 PRECINCT 04,2
42101004905,PHILADELPHIA WARD 49 PRECINCT 05,2
42101004907,PHILADELPHIA WARD 49 PRECINCT 07,2
42101004908,PHILADELPHIA WARD 49 PRECINCT 08,2
42101004909,PHILADELPHIA WARD 49 PRECINCT 09,2
42101004910,PHILADELPHIA WARD 49 PRECINCT 10,2
42101004911,PHILADELPHIA WARD 49 PRECINCT 11,2
42101004912,PHILADELPHIA WARD 49 PRECINCT 12,2
42101004914,PHILADELPHIA WARD 49 PRECINCT 14,2
42101004916,PHILADELPHIA WARD 49 PRECINCT 16,2
42101004917,PHILADELPHIA WARD 49 PRECINCT 17,2
42101004918,PHILADELPHIA WARD 49 PRECINCT 18,2
42101004919,PHILADELPHIA WARD 49 PRECINCT 19,2
42101004920,PHILADELPHIA WARD 49 PRECINCT 20,2
42101004921,PHILADELPHIA WARD 49 PRECINCT 21,2
42101004922,PHILADELPHIA WARD 49 PRECINCT 22,2
42101005001,PHILADELPHIA WARD 50 PRECINCT 01,2
42101005002,PHILADELPHIA WARD 50 PRECINCT 02,2
42101005003,PHILADELPHIA WARD 50 PRECINCT 03,2
42101005004,PHILADELPHIA WARD 50 PRECINCT 04,2
42101005005,PHILADELPHIA WARD 50 PRECINCT 05,2
42101005006,PHILADELPHIA WARD 50 PRECINCT 06,2
42101005007,PHILADELPHIA WARD 50 PRECINCT 07,2
42101005008,PHILADELPHIA WARD 50 PRECINCT 08,2
42101005009,PHILADELPHIA WARD 50 PRECINCT 09,2
42101005010,PHILADELPHIA WARD 50 PRECINCT 10,2
42101005011,PHILADELPHIA WARD 50 PRECINCT 11,2
42101005012,PHILADELPHIA WARD 50 PRECINCT 12,2
42101005013,PHILADELPHIA WARD 50 PRECINCT 13,2
42101005014,PHILADELPHIA WARD 50 PRECINCT 14,2
42101005015,PHILADELPHIA WARD 50 PRECINCT 15,2
42101005016,PHILADELPHIA WARD 50 PRECINCT 16,2
42101005017,PHILADELPHIA WARD 50 PRECINCT 17,2
42101005018,PHILADELPHIA WARD 50 PRECINCT 18,2
42101005019,PHILADELPHIA WARD 50 PRECINCT 19,2
42101005020,PHILADELPHIA WARD 50 PRECINCT 20,2
42101005021,PHILADELPHIA WARD 50 PRECINCT 21,2
42101005022,PHILADELPHIA WARD 50 PRECINCT 22,2
42101005023,PHILADELPHIA WARD 50 PRECINCT 23,2
42101005024,PHILADELPHIA WARD 50 PRECINCT 24,2
42101005025,PHILADELPHIA WARD 50 PRECINCT 25,2
42101005026,PHILADELPHIA WARD 50 PRECINCT 26,2
42101005027,PHILADELPHIA WARD 50 PRECINCT 27,2
42101005028,PHILADELPHIA WARD 50 PRECINCT 28,2
42101005029,PHILADELPHIA WARD 50 PRECINCT 29,2
42101005030,PHILADELPHIA WARD 50 PRECINCT 30,2
42101005081,PHILADELPHIA WARD 51 PRECINCT 03,3
42101005082,PHILADELPHIA WARD 51 PRECINCT 04,3
42101005090,PHILADELPHIA WARD 51 PRECINCT 08,3
42101005095,PHILADELPHIA WARD 51 PRECINCT 20,3
42101005101,PHILADELPHIA WARD 51 PRECINCT 01,3
42101005102,PHILADELPHIA WARD 51 PRECINCT 02,3
42101005105,PHILADELPHIA WARD 51 PRECINCT 05,3
42101005106,PHILADELPHIA WARD 51 PRECINCT 06,3
42101005107,PHILADELPHIA WARD 51 PRECINCT 07,3
42101005109,PHILADELPHIA WARD 51 PRECINCT 09,3
42101005110,PHILADELPHIA WARD 51 PRECINCT 10,3
42101005111,PHILADELPHIA WARD 51 PRECINCT 11,3
42101005112,PHILADELPHIA WARD 51 PRECINCT 12,3
42101005113,PHILADELPHIA WARD 51 PRECINCT 13,3
42101005114,PHILADELPHIA WARD 51 PRECINCT 14,3
42101005115,PHILADELPHIA WARD 51 PRECINCT 15,3
42101005116,PHILADELPHIA WARD 51 PRECINCT 16,3
42101005117,PHILADELPHIA WARD 51 PRECINCT 17,3
42101005118,PHILADELPHIA WARD 51 PRECINCT 18,3
42101005119,PHILADELPHIA WARD 51 PRECINCT 19,3
42101005121,PHILADELPHIA WARD 51 PRECINCT 21,3
42101005122,PHILADELPHIA WARD 51 PRECINCT 22,3
42101005123,PHILADELPHIA WARD 51 PRECINCT 23,3
42101005124,PHILADELPHIA WARD 51 PRECINCT 24,3
42101005125,PHILADELPHIA WARD 51 PRECINCT 25,3
42101005126,PHILADELPHIA WARD 51 PRECINCT 26,3
42101005127,PHILADELPHIA WARD 51 PRECINCT 27,3
42101005128,PHILADELPHIA WARD 51 PRECINCT 28,3
42101005201,PHILADELPHIA WARD 52 PRECINCT 01,5
42101005202,PHILADELPHIA WARD 52 PRECINCT 02,5
42101005203,PHILADELPHIA WARD 52 PRECINCT 03,5
42101005204,PHILADELPHIA WARD 52 PRECINCT 04,5
42101005205,PHILADELPHIA WARD 52 PRECINCT 05,5
42101005206,PHILADELPHIA WARD 52 PRECINCT 06,5
42101005207,PHILADELPHIA WARD 52 PRECINCT 07,5
42101005208,PHILADELPHIA WARD 52 PRECINCT 08,5
42101005209,PHILADELPHIA WARD 52 PRECINCT 09,5
42101005210,PHILADELPHIA WARD 52 PRECINCT 10,5
42101005211,PHILADELPHIA WARD 52 PRECINCT 11,5
42101005212,PHILADELPHIA WARD 52 PRECINCT 12,5
42101005213,PHILADELPHIA WARD 52 PRECINCT 13,5
42101005214,PHILADELPHIA WARD 52 PRECINCT 14,5
42101005215,PHILADELPHIA WARD 52 PRECINCT 15,5
42101005216,PHILADELPHIA WARD 52 PRECINCT 16,5
42101005217,PHILADELPHIA WARD 52 PRECINCT 17,5
42101005218,PHILADELPHIA WARD 52 PRECINCT 18,5
42101005219,PHILADELPHIA WARD 52 PRECINCT 19,5
42101005220,PHILADELPHIA WARD 52 PRECINCT 20,5
42101005221,PHILADELPHIA WARD 52 PRECINCT 21,5
42101005222,PHILADELPHIA WARD 52 PRECINCT 22,5
42101005223,PHILADELPHIA WARD 52 PRECINCT 23,5
42101005224,PHILADELPHIA WARD 52 PRECINCT 24,5
42101005225,PHILADELPHIA WARD 52 PRECINCT 25,5
42101005226,PHILADELPHIA WARD 52 PRECINCT 26,5
42101005227,PHILADELPHIA WARD 52 PRECINCT 27,5
42101005228,PHILADELPHIA WARD 52 PRECINCT 28,5
42101005301,PHILADELPHIA WARD 53 PRECINCT 01,4
42101005302,PHILADELPHIA WARD 53 PRECINCT 02,4
42101005303,PHILADELPHIA WARD 53 PRECINCT 03,4
42101005304,PHILADELPHIA WARD 53 PRECINCT 04,4
42101005305,PHILADELPHIA WARD 53 PRECINCT 05,4
42101005306,PHILADELPHIA WARD 53 PRECINCT 06,4
42101005307,PHILADELPHIA WARD 53 PRECINCT 07,1
42101005308,PHILADELPHIA WARD 53 PRECINCT 08,1
42101005309,PHILADELPHIA WARD 53 PRECINCT 09,1
42101005310,PHILADELPHIA WARD 53 PRECINCT 10,1
42101005311,PHILADELPHIA WARD 53 PRECINCT 11,1
42101005312,PHILADELPHIA WARD 53 PRECINCT 12,1
42101005313,PHILADELPHIA WARD 53 PRECINCT 13,1
42101005314,PHILADELPHIA WARD 53 PRECINCT 14,1
42101005315,PHILADELPHIA WARD 53 PRECINCT 15,1
42101005316,PHILADELPHIA WARD 53 PRECINCT 16,1
42101005317,PHILADELPHIA WARD 53 PRECINCT 17,1
42101005318,PHILADELPHIA WARD 53 PRECINCT 18,1
42101005319,PHILADELPHIA WARD 53 PRECINCT 19,1
42101005320,PHILADELPHIA WARD 53 PRECINCT 20,1
42101005321,PHILADELPHIA WARD 53 PRECINCT 21,1
42101005322,PHILADELPHIA WARD 53 PRECINCT 22,1
42101005323,PHILADELPHIA WARD 53 PRECINCT 23,1
42101005401,PHILADELPHIA WARD 54 PRECINCT 01,4
42101005402,PHILADELPHIA WARD 54 PRECINCT 02,4
42101005403,PHILADELPHIA WARD 54 PRECINCT 03,4
42101005404,PHILADELPHIA WARD 54 PRECINCT 04,4
42101005405,PHILADELPHIA WARD 54 PRECINCT 05,4
42101005406,PHILADELPHIA WARD 54 PRECINCT 06,1
42101005407,PHILADELPHIA WARD 54 PRECINCT 07,1
42101005408,PHILADELPHIA WARD 54 PRECINCT 08,1
42101005409,PHILADELPHIA WARD 54 PRECINCT 09,1
42101005410,PHILADELPHIA WARD 54 PRECINCT 10,1
42101005411,PHILADELPHIA WARD 54 PRECINCT 11,1
42101005412,PHILADELPHIA WARD 54 PRECINCT 12,1
42101005413,PHILADELPHIA WARD 54 PRECINCT 13,1
42101005414,PHILADELPHIA WARD 54 PRECINCT 14,1
42101005415,PHILADELPHIA WARD 54 PRECINCT 15,1
42101005416,PHILADELPHIA WARD 54 PRECINCT 16,1
42101005417,PHILADELPHIA WARD 54 PRECINCT 17,1
42101005418,PHILADELPHIA WARD 54 PRECINCT 18,1
42101005419,PHILADELPHIA WARD 54 PRECINCT 19,1
42101005420,PHILADELPHIA WARD 54 PRECINCT 20,1
42101005421,PHILADELPHIA WARD 54 PRECINCT 21,1
42101005422,PHILADELPHIA WARD 54 PRECINCT 22,1
42101005501,PHILADELPHIA WARD 55 PRECINCT 01,4
42101005502,PHILADELPHIA WARD 55 PRECINCT 02,4
42101005503,PHILADELPHIA WARD 55 PRECINCT 03,4
42101005504,PHILADELPHIA WARD 55 PRECINCT 04,4
42101005505,PHILADELPHIA WARD 55 PRECINCT 05,4
42101005506,PHILADELPHIA WARD 55 PRECINCT 06,4
42101005507,PHILADELPHIA WARD 55 PRECINCT 07,4
42101005508,PHILADELPHIA WARD 55 PRECINCT 08,1
42101005509,PHILADELPHIA WARD 55 PRECINCT 09,4
42101005510,PHILADELPHIA WARD 55 PRECINCT 10,4
42101005511,PHILADELPHIA WARD 55 PRECINCT 11,1
42101005512,PHILADELPHIA WARD 55 PRECINCT 12,1
42101005513,PHILADELPHIA WARD 55 PRECINCT 13,4
42101005514,PHILADELPHIA WARD 55 PRECINCT 14,1
42101005515,PHILADELPHIA WARD 55 PRECINCT 15,1
42101005516,PHILADELPHIA WARD 55 PRECINCT 16,1
42101005517,PHILADELPHIA WARD 55 PRECINCT 17,1
42101005518,PHILADELPHIA WARD 55 PRECINCT 18,1
42101005519,PHILADELPHIA WARD 55 PRECINCT 19,1
42101005520,PHILADELPHIA WARD 55 PRECINCT 20,1
42101005521,PHILADELPHIA WARD 55 PRECINCT 21,1
42101005522,PHILADELPHIA WARD 55 PRECINCT 22,1
42101005523,PHILADELPHIA WARD 55 PRECINCT 23,1
42101005524,PHILADELPHIA WARD 55 PRECINCT 24,1
42101005525,PHILADELPHIA WARD 55 PRECINCT 25,1
42101005526,PHILADELPHIA WARD 55 PRECINCT 26,4
42101005527,PHILADELPHIA WARD 55 PRECINCT 27,1
42101005528,PHILADELPHIA WARD 55 PRECINCT 28,1
42101005529,PHILADELPHIA WARD 55 PRECINCT 29,1
42101005601,PHILADELPHIA WARD 56 PRECINCT 01,1
42101005602,PHILADELPHIA WARD 56 PRECINCT 02,1
42101005603,PHILADELPHIA WARD 56 PRECINCT 03,1
42101005604,PHILADELPHIA WARD 56 PRECINCT 04,1
42101005605,PHILADELPHIA WARD 56 PRECINCT 05,1
42101005606,PHILADELPHIA WARD 56 PRECINCT 06,1
42101005607,PHILADELPHIA WARD 56 PRECINCT 07,1
42101005608,PHILADELPHIA WARD 56 PRECINCT 08,1
42101005609,PHILADELPHIA WARD 56 PRECINCT 09,1
42101005610,PHILADELPHIA WARD 56 PRECINCT 10,1
42101005611,PHILADELPHIA WARD 56 PRECINCT 11,1
42101005612,PHILADELPHIA WARD 56 PRECINCT 12,1
42101005613,PHILADELPHIA WARD 56 PRECINCT 13,1
42101005614,PHILADELPHIA WARD 56 PRECINCT 14,1
42101005615,PHILADELPHIA WARD 56 PRECINCT 15,1
42101005616,PHILADELPHIA WARD 56 PRECINCT 16,1
42101005617,PHILADELPHIA WARD 56 PRECINCT 17,1
42101005618,PHILADELPHIA WARD 56 PRECINCT 18,1
42101005619,PHILADELPHIA WARD 56 PRECINCT 19,1
42101005620,PHILADELPHIA WARD 56 PRECINCT 20,1
42101005621,PHILADELPHIA WARD 56 PRECINCT 21,1
42101005622,PHILADELPHIA WARD 56 PRECINCT 22,1
42101005623,PHILADELPHIA WARD 56 PRECINCT 23,1
42101005624,PHILADELPHIA WARD 56 PRECINCT 24,1
42101005625,PHILADELPHIA WARD 56 PRECINCT 25,1
42101005626,PHILADELPHIA WARD 56 PRECINCT 26,1
42101005627,PHILADELPHIA WARD 56 PRECINCT 27,1
42101005628,PHILADELPHIA WARD 56 PRECINCT 28,1
42101005629,PHILADELPHIA WARD 56 PRECINCT 29,1
42101005630,PHILADELPHIA WARD 56 PRECINCT 30,1
42101005631,PHILADELPHIA WARD 56 PRECINCT 31,1
42101005632,PHILADELPHIA WARD 56 PRECINCT 32,1
42101005633,PHILADELPHIA WARD 56 PRECINCT 33,1
42101005634,PHILADELPHIA WARD 56 PRECINCT 34,1
42101005635,PHILADELPHIA WARD 56 PRECINCT 35,1
42101005636,PHILADELPHIA WARD 56 PRECINCT 36,1
42101005637,PHILADELPHIA WARD 56 PRECINCT 37,1
42101005638,PHILADELPHIA WARD 56 PRECINCT 38,1
42101005639,PHILADELPHIA WARD 56 PRECINCT 39,1
42101005640,PHILADELPHIA WARD 56 PRECINCT 40,1
42101005641,PHILADELPHIA WARD 56 PRECINCT 41,1
42101005701,PHILADELPHIA WARD 57 PRECINCT 01,1
42101005702,PHILADELPHIA WARD 57 PRECINCT 02,1
42101005703,PHILADELPHIA WARD 57 PRECINCT 03,1
42101005704,PHILADELPHIA WARD 57 PRECINCT 04,1
42101005705,PHILADELPHIA WARD 57 PRECINCT 05,1
42101005706,PHILADELPHIA WARD 57 PRECINCT 06,1
42101005707,PHILADELPHIA WARD 57 PRECINCT 07,1
42101005708,PHILADELPHIA WARD 57 PRECINCT 08,1
42101005709,PHILADELPHIA WARD 57 PRECINCT 09,1
42101005710,PHILADELPHIA WARD 57 PRECINCT 10,1
42101005711,PHILADELPHIA WARD 57 PRECINCT 11,1
42101005712,PHILADELPHIA WARD 57 PRECINCT 12,1
42101005713,PHILADELPHIA WARD 57 PRECINCT 13,1
42101005714,PHILADELPHIA WARD 57 PRECINCT 14,1
42101005715,PHILADELPHIA WARD 57 PRECINCT 15,1
42101005716,PHILADELPHIA WARD 57 PRECINCT 16,1
42101005717,PHILADELPHIA WARD 57 PRECINCT 17,1
42101005718,PHILADELPHIA WARD 57 PRECINCT 18,1
42101005719,PHILADELPHIA WARD 57 PRECINCT 19,1
42101005720,PHILADELPHIA WARD 57 PRECINCT 20,1
42101005721,PHILADELPHIA WARD 57 PRECINCT 21,1
42101005722,PHILADELPHIA WARD 57 PRECINCT 22,1
42101005723,PHILADELPHIA WARD 57 PRECINCT 23,1
42101005724,PHILADELPHIA WARD 57 PRECINCT 24,1
42101005725,PHILADELPHIA WARD 57 PRECINCT 25,1
42101005726,PHILADELPHIA WARD 57 PRECINCT 26,1
42101005727,PHILADELPHIA WARD 57 PRECINCT 27,1
42101005728,PHILADELPHIA WARD 57 PRECINCT 28,1
42101005801,PHILADELPHIA WARD 58 PRECINCT 01,1
42101005802,PHILADELPHIA WARD 58 PRECINCT 02,1
42101005803,PHILADELPHIA WARD 58 PRECINCT 03,1
42101005804,PHILADELPHIA WARD 58 PRECINCT 04,1
42101005805,PHILADELPHIA WARD 58 PRECINCT 05,1
42101005806,PHILADELPHIA WARD 58 PRECINCT 06,1
42101005807,PHILADELPHIA WARD 58 PRECINCT 07,1
42101005808,PHILADELPHIA WARD 58 PRECINCT 08,1
42101005809,PHILADELPHIA WARD 58 PRECINCT 09,1
42101005810,PHILADELPHIA WARD 58 PRECINCT 10,1
42101005811,PHILADELPHIA WARD 58 PRECINCT 11,1
42101005812,PHILADELPHIA WARD 58 PRECINCT 12,1
42101005813,PHILADELPHIA WARD 58 PRECINCT 13,1
42101005814,PHILADELPHIA WARD 58 PRECINCT 14,1
42101005815,PHILADELPHIA WARD 58 PRECINCT 15,1
42101005816,PHILADELPHIA WARD 58 PRECINCT 16,1
42101005817,PHILADELPHIA WARD 58 PRECINCT 17,1
42101005818,PHILADELPHIA WARD 58 PRECINCT 18,1
42101005819,PHILADELPHIA WARD 58 PRECINCT 19,1
42101005820,PHILADELPHIA WARD 58 PRECINCT 20,1
42101005821,PHILADELPHIA WARD 58 PRECINCT 21,1
42101005822,PHILADELPHIA WARD 58 PRECINCT 22,1
42101005823,PHILADELPHIA WARD 58 PRECINCT 23,1
42101005824,PHILADELPHIA WARD 58 PRECINCT 24,1
42101005825,PHILADELPHIA WARD 58 PRECINCT 25,1
42101005826,PHILADELPHIA WARD 58 PRECINCT 26,1
42101005827,PHILADELPHIA WARD 58 PRECINCT 27,1
42101005828,PHILADELPHIA WARD 58 PRECINCT 28,1
42101005829,PHILADELPHIA WARD 58 PRECINCT 29,1
42101005830,PHILADELPHIA WARD 58 PRECINCT 30,1
42101005831,PHILADELPHIA WARD 58 PRECINCT 31,1
42101005832,PHILADELPHIA WARD 58 PRECINCT 32,1
42101005833,PHILADELPHIA WARD 58 PRECINCT 33,1
42101005834,PHILADELPHIA WARD 58 PRECINCT 34,1
42101005835,PHILADELPHIA WARD 58 PRECINCT 35,1
42101005836,PHILADELPHIA WARD 58 PRECINCT 36,1
42101005837,PHILADELPHIA WARD 58 PRECINCT 37,1
42101005838,PHILADELPHIA WARD 58 PRECINCT 38,1
42101005839,PHILADELPHIA WARD 58 PRECINCT 39,1
42101005840,PHILADELPHIA WARD 58 PRECINCT 40,1
42101005841,PHILADELPHIA WARD 58 PRECINCT 41,1
42101005842,PHILADELPHIA WARD 58 PRECINCT 42,1
42101005843,PHILADELPHIA WARD 58 PRECINCT 43,1
42101005844,PHILADELPHIA WARD 58 PRECINCT 44,1
42101005901,PHILADELPHIA WARD 59 PRECINCT 01,2
42101005902,PHILADELPHIA WARD 59 PRECINCT 02,2
42101005903,PHILADELPHIA WARD 59 PRECINCT 03,2
42101005904,PHILADELPHIA WARD 59 PRECINCT 04,2
42101005905,PHILADELPHIA WARD 59 PRECINCT 05,2
42101005906,PHILADELPHIA WARD 59 PRECINCT 06,2
42101005907,PHILADELPHIA WARD 59 PRECINCT 07,2
42101005908,PHILADELPHIA WARD 59 PRECINCT 08,2
42101005909,PHILADELPHIA WARD 59 PRECINCT 09,2
42101005910,PHILADELPHIA WARD 59 PRECINCT 10,2
42101005911,PHILADELPHIA WARD 59 PRECINCT 11,2
42101005912,PHILADELPHIA WARD 59 PRECINCT 12,2
42101005913,PHILADELPHIA WARD 59 PRECINCT 13,2
42101005914,PHILADELPHIA WARD 59 PRECINCT 14,2
42101005915,PHILADELPHIA WARD 59 PRECINCT 15,2
42101005916,PHILADELPHIA WARD 59 PRECINCT 16,2
42101005917,PHILADELPHIA WARD 59 PRECINCT 17,2
42101005918,PHILADELPHIA WARD 59 PRECINCT 18,2
42101005919,PHILADELPHIA WARD 59 PRECINCT 19,2
42101005920,PHILADELPHIA WARD 59 PRECINCT 20,2
42101005921,PHILADELPHIA WARD 59 PRECINCT 21,2
42101005922,PHILADELPHIA WARD 59 PRECINCT 22,2
42101005923,PHILADELPHIA WARD 59 PRECINCT 23,2
42101005924,PHILADELPHIA WARD 59 PRECINCT 24,2
42101005925,PHILADELPHIA WARD 59 PRECINCT 25,2
42101006001,PHILADELPHIA WARD 60 PRECINCT 01,5
42101006002,PHILADELPHIA WARD 60 PRECINCT 02,5
42101006003,PHILADELPHIA WARD 60 PRECINCT 03,5
42101006004,PHILADELPHIA WARD 60 PRECINCT 04,5
42101006005,PHILADELPHIA WARD 60 PRECINCT 05,5
42101006006,PHILADELPHIA WARD 60 PRECINCT 06,5
42101006007,PHILADELPHIA WARD 60 PRECINCT 07,5
42101006008,PHILADELPHIA WARD 60 PRECINCT 08,5
42101006009,PHILADELPHIA WARD 60 PRECINCT 09,5
42101006010,PHILADELPHIA WARD 60 PRECINCT 10,5
42101006011,PHILADELPHIA WARD 60 PRECINCT 11,5
42101006012,PHILADELPHIA WARD 60 PRECINCT 12,5
42101006013,PHILADELPHIA WARD 60 PRECINCT 13,5
42101006014,PHILADELPHIA WARD 60 PRECINCT 14,5
42101006015,PHILADELPHIA WARD 60 PRECINCT 15,5
42101006016,PHILADELPHIA WARD 60 PRECINCT 16,5
42101006017,PHILADELPHIA WARD 60 PRECINCT 17,5
42101006018,PHILADELPHIA WARD 60 PRECINCT 18,5
42101006019,PHILADELPHIA WARD 60 PRECINCT 19,5
42101006020,PHILADELPHIA WARD 60 PRECINCT 20,5
42101006021,PHILADELPHIA WARD 60 PRECINCT 21,5
42101006022,PHILADELPHIA WARD 60 PRECINCT 22,5
42101006023,PHILADELPHIA WARD 60 PRECINCT 23,5
42101006101,PHILADELPHIA WARD 61 PRECINCT 01,2
42101006102,PHILADELPHIA WARD 61 PRECINCT 02,2
42101006103,PHILADELPHIA WARD 61 PRECINCT 03,4
42101006104,PHILADELPHIA WARD 61 PRECINCT 04,4
42101006105,PHILADELPHIA WARD 61 PRECINCT 05,4
42101006106,PHILADELPHIA WARD 61 PRECINCT 06,2
42101006107,PHILADELPHIA WARD 61 PRECINCT 07,2
42101006108,PHILADELPHIA WARD 61 PRECINCT 08,4
42101006109,PHILADELPHIA WARD 61 PRECINCT 09,4
42101006110,PHILADELPHIA WARD 61 PRECINCT 10,4
42101006111,PHILADELPHIA WARD 61 PRECINCT 11,4
42101006112,PHILADELPHIA WARD 61 PRECINCT 12,4
42101006113,PHILADELPHIA WARD 61 PRECINCT 13,4
42101006114,PHILADELPHIA WARD 61 PRECINCT 14,4
42101006115,PHILADELPHIA WARD 61 PRECINCT 15,4
42101006116,PHILADELPHIA WARD 61 PRECINCT 16,4
42101006117,PHILADELPHIA WARD 61 PRECINCT 17,2
42101006118,PHILADELPHIA WARD 61 PRECINCT 18,4
42101006119,PHILADELPHIA WARD 61 PRECINCT 19,4
42101006120,PHILADELPHIA WARD 61 PRECINCT 20,4
42101006121,PHILADELPHIA WARD 61 PRECINCT 21,2
42101006122,PHILADELPHIA WARD 61 PRECINCT 22,2
42101006123,PHILADELPHIA WARD 61 PRECINCT 23,2
42101006124,PHILADELPHIA WARD 61 PRECINCT 24,2
42101006125,PHILADELPHIA WARD 61 PRECINCT 25,4
42101006126,PHILADELPHIA WARD 61 PRECINCT 26,4
42101006127,PHILADELPHIA WARD 61 PRECINCT 27,4
42101006128,PHILADELPHIA WARD 61 PRECINCT 28,4
42101006201,PHILADELPHIA WARD 62 PRECINCT 01,4
42101006202,PHILADELPHIA WARD 62 PRECINCT 02,4
42101006203,PHILADELPHIA WARD 62 PRECINCT 03,4
42101006204,PHILADELPHIA WARD 62 PRECINCT 04,4
42101006205,PHILADELPHIA WARD 62 PRECINCT 05,4
42101006206,PHILADELPHIA WARD 62 PRECINCT 06,4
42101006207,PHILADELPHIA WARD 62 PRECINCT 07,4
42101006208,PHILADELPHIA WARD 62 PRECINCT 08,4
42101006209,PHILADELPHIA WARD 62 PRECINCT 09,4
42101006210,PHILADELPHIA WARD 62 PRECINCT 10,4
42101006211,PHILADELPHIA WARD 62 PRECINCT 11,4
42101006212,PHILADELPHIA WARD 62 PRECINCT 12,4
42101006213,PHILADELPHIA WARD 62 PRECINCT 13,4
42101006214,PHILADELPHIA WARD 62 PRECINCT 14,4
42101006215,PHILADELPHIA WARD 62 PRECINCT 15,4
42101006216,PHILADELPHIA WARD 62 PRECINCT 16,4
42101006217,PHILADELPHIA WARD 62 PRECINCT 17,4
42101006218,PHILADELPHIA WARD 62 PRECINCT 18,4
42101006219,PHILADELPHIA WARD 62 PRECINCT 19,4
42101006220,PHILADELPHIA WARD 62 PRECINCT 20,4
42101006221,PHILADELPHIA WARD 62 PRECINCT 21,4
42101006222,PHILADELPHIA WARD 62 PRECINCT 22,4
42101006223,PHILADELPHIA WARD 62 PRECINCT 23,4
42101006224,PHILADELPHIA WARD 62 PRECINCT 24,4
42101006225,PHILADELPHIA WARD 62 PRECINCT 25,4
42101006226,PHILADELPHIA WARD 62 PRECINCT 26,4
42101006301,PHILADELPHIA WARD 63 PRECINCT 01,1
42101006302,PHILADELPHIA WARD 63 PRECINCT 02,1
42101006303,PHILADELPHIA WARD 63 PRECINCT 03,1
42101006304,PHILADELPHIA WARD 63 PRECINCT 04,1
42101006305,PHILADELPHIA WARD 63 PRECINCT 05,1
42101006306,PHILADELPHIA WARD 63 PRECINCT 06,1
42101006307,PHILADELPHIA WARD 63 PRECINCT 07,1
42101006308,PHILADELPHIA WARD 63 PRECINCT 08,1
42101006309,PHILADELPHIA WARD 63 PRECINCT 09,1
42101006310,PHILADELPHIA WARD 63 PRECINCT 10,1
42101006311,PHILADELPHIA WARD 63 PRECINCT 11,1
42101006312,PHILADELPHIA WARD 63 PRECINCT 12,1
42101006313,PHILADELPHIA WARD 63 PRECINCT 13,1
42101006314,PHILADELPHIA WARD 63 PRECINCT 14,1
42101006315,PHILADELPHIA WARD 63 PRECINCT 15,1
42101006316,PHILADELPHIA WARD 63 PRECINCT 16,1
42101006317,PHILADELPHIA WARD 63 PRECINCT 17,1
42101006318,PHILADELPHIA WARD 63 PRECINCT 18,1
42101006319,PHILADELPHIA WARD 63 PRECINCT 19,1
42101006320,PHILADELPHIA WARD 63 PRECINCT 20,1
42101006321,PHILADELPHIA WARD 63 PRECINCT 21,1
42101006322,PHILADELPHIA WARD 63 PRECINCT 22,1
42101006323,PHILADELPHIA WARD 63 PRECINCT 23,1
42101006324,PHILADELPHIA WARD 63 PRECINCT 24,1
42101006325,PHILADELPHIA WARD 63 PRECINCT 25,1
42101006401,PHILADELPHIA WARD 64 PRECINCT 01,1
42101006402,PHILADELPHIA WARD 64 PRECINCT 02,1
42101006403,PHILADELPHIA WARD 64 PRECINCT 03,1
42101006404,PHILADELPHIA WARD 64 PRECINCT 04,1
42101006405,PHILADELPHIA WARD 64 PRECINCT 05,1
42101006406,PHILADELPHIA WARD 64 PRECINCT 06,1
42101006407,PHILADELPHIA WARD 64 PRECINCT 07,1
42101006408,PHILADELPHIA WARD 64 PRECINCT 08,1
42101006409,PHILADELPHIA WARD 64 PRECINCT 09,1
42101006410,PHILADELPHIA WARD 64 PRECINCT 10,1
42101006411,PHILADELPHIA WARD 64 PRECINCT 11,1
42101006412,PHILADELPHIA WARD 64 PRECINCT 12,1
42101006413,PHILADELPHIA WARD 64 PRECINCT 13,1
42101006414,PHILADELPHIA WARD 64 PRECINCT 14,1
42101006415,PHILADELPHIA WARD 64 PRECINCT 15,1
42101006416,PHILADELPHIA WARD 64 PRECINCT 16,1
42101006417,PHILADELPHIA WARD 64 PRECINCT 17,1
42101006418,PHILADELPHIA WARD 64 PRECINCT 18,1
42101006501,PHILADELPHIA WARD 65 PRECINCT 01,1
42101006502,PHILADELPHIA WARD 65 PRECINCT 02,1
42101006503,PHILADELPHIA WARD 65 PRECINCT 03,1
42101006504,PHILADELPHIA WARD 65 PRECINCT 04,1
42101006505,PHILADELPHIA WARD 65 PRECINCT 05,1
42101006506,PHILADELPHIA WARD 65 PRECINCT 06,1
42101006507,PHILADELPHIA WARD 65 PRECINCT 07,1
42101006508,PHILADELPHIA WARD 65 PRECINCT 08,1
42101006509,PHILADELPHIA WARD 65 PRECINCT 09,1
42101006510,PHILADELPHIA WARD 65 PRECINCT 10,1
42101006511,PHILADELPHIA WARD 65 PRECINCT 11,1
42101006512,PHILADELPHIA WARD 65 PRECINCT 12,1
42101006513,PHILADELPHIA WARD 65 PRECINCT 13,1
42101006514,PHILADELPHIA WARD 65 PRECINCT 14,1
42101006515,PHILADELPHIA WARD 65 PRECINCT 15,1
42101006516,PHILADELPHIA WARD 65 PRECINCT 16,1
42101006517,PHILADELPHIA WARD 65 PRECINCT 17,1
42101006518,PHILADELPHIA WARD 65 PRECINCT 18,1
42101006519,PHILADELPHIA WARD 65 PRECINCT 19,1
42101006520,PHILADELPHIA WARD 65 PRECINCT 20,1
42101006521,PHILADELPHIA WARD 65 PRECINCT 21,1
42101006522,PHILADELPHIA WARD 65 PRECINCT 22,1
42101006523,PHILADELPHIA WARD 65 PRECINCT 23,1
42101006601,PHILADELPHIA WARD 66 PRECINCT 01,1
42101006602,PHILADELPHIA WARD 66 PRECINCT 02,1
42101006603,PHILADELPHIA WARD 66 PRECINCT 03,1
42101006604,PHILADELPHIA WARD 66 PRECINCT 04,1
42101006605,PHILADELPHIA WARD 66 PRECINCT 05,1
42101006606,PHILADELPHIA WARD 66 PRECINCT 06,1
42101006607,PHILADELPHIA WARD 66 PRECINCT 07,1
42101006608,PHILADELPHIA WARD 66 PRECINCT 08,1
42101006609,PHILADELPHIA WARD 66 PRECINCT 09,1
42101006610,PHILADELPHIA WARD 66 PRECINCT 10,1
42101006611,PHILADELPHIA WARD 66 PRECINCT 11,1
42101006612,PHILADELPHIA WARD 66 PRECINCT 12,1
42101006613,PHILADELPHIA WARD 66 PRECINCT 13,1
42101006614,PHILADELPHIA WARD 66 PRECINCT 14,1
42101006615,PHILADELPHIA WARD 66 PRECINCT 15,1
42101006616,PHILADELPHIA WARD 66 PRECINCT 16,1
42101006617,PHILADELPHIA WARD 66 PRECINCT 17,1
42101006618,PHILADELPHIA WARD 66 PRECINCT 18,1
42101006619,PHILADELPHIA WARD 66 PRECINCT 19,1
42101006620,PHILADELPHIA WARD 66 PRECINCT 20,1
42101006621,PHILADELPHIA WARD 66 PRECINCT 21,1
42101006622,PHILADELPHIA WARD 66 PRECINCT 22,1
42101006623,PHILADELPHIA WARD 66 PRECINCT 23,1
42101006624,PHILADELPHIA WARD 66 PRECINCT 24,1
42101006625,PHILADELPHIA WARD 66 PRECINCT 25,1
42101006626,PHILADELPHIA WARD 66 PRECINCT 26,1
42101006627,PHILADELPHIA WARD 66 PRECINCT 27,1
42101006628,PHILADELPHIA WARD 66 PRECINCT 28,1
42101006629,PHILADELPHIA WARD 66 PRECINCT 29,1
42101006630,PHILADELPHIA WARD 66 PRECINCT 30,1
42101006631,PHILADELPHIA WARD 66 PRECINCT 31,1
42101006632,PHILADELPHIA WARD 66 PRECINCT 32,1
42101006633,PHILADELPHIA WARD 66 PRECINCT 33,1
42101006634,PHILADELPHIA WARD 66 PRECINCT 34,1
42101006635,PHILADELPHIA WARD 66 PRECINCT 35,1
42101006636,PHILADELPHIA WARD 66 PRECINCT 36,1
42101006637,PHILADELPHIA WARD 66 PRECINCT 37,1
42101006638,PHILADELPHIA WARD 66 PRECINCT 38,1
42101006639,PHILADELPHIA WARD 66 PRECINCT 39,1
42101006640,PHILADELPHIA WARD 66 PRECINCT 40,1
42101006641,PHILADELPHIA WARD 66 PRECINCT 41,1
42101006642,PHILADELPHIA WARD 66 PRECINCT 42,1
42101006643,PHILADELPHIA WARD 66 PRECINCT 43,1
42101006644,PHILADELPHIA WARD 66 PRECINCT 44,1
42101006645,PHILADELPHIA WARD 66 PRECINCT 45,1
42101006646,PHILADELPHIA WARD 66 PRECINCT 46,1
