Precinct,Congressional 2022,Senate 2022,Legislative 2022,Council 2022,Republican State Committee 2022
01-01,3,1,184,1,3
01-02,3,1,184,1,3
01-03,3,1,184,1,3
01-04,3,1,184,1,3
01-05,3,1,184,1,3
01-06,3,1,184,1,3
01-07,3,1,184,1,3
01-08,3,1,184,1,3
01-09,3,1,184,1,3
01-10,3,1,184,1,3
01-11,3,1,184,1,3
01-12,3,1,184,1,3
01-13,3,1,184,1,3
01-14,3,1,184,1,3
01-15,3,1,184,1,3
01-16,3,1,184,1,3
01-17,3,1,184,1,3
01-18,3,1,184,1,3
01-19,3,1,184,1,3
01-20,3,1,184,1,3
01-21,3,1,184,1,3
02-01,3,1,175,1,3
02-02,3,1,175,1,3
02-03,3,1,182,1,3
02-04,3,1,182,1,3
02-05,3,1,182,1,3
02-06,3,1,182,1,3
02-07,3,1,182,1,3
02-08,3,1,182,1,3
02-09,3,1,182,2,3
02-10,3,1,182,1,3
02-11,3,1,182,1,3
02-12,3,1,182,1,3
02-13,3,1,175,1,3
02-14,3,1,175,1,3
02-15,3,1,175,1,3
02-16,3,1,175,1,3
02-17,3,1,182,1,3
02-18,3,1,182,1,3
02-19,3,1,182,2,3
02-20,3,1,182,2,3
02-21,3,1,182,2,3
02-22,3,1,182,2,3
02-23,3,1,182,1,3
02-24,3,1,182,1,3
02-25,3,1,175,1,3
02-26,3,1,175,1,3
02-27,3,1,175,1,3
02-28,3,1,175,1,3
02-29,3,1,175,1,3
03-01,3,8,191,3,3
03-02,3,8,191,3,3
03-03,3,8,191,3,3
03-04,3,8,191,3,3
03-05,3,8,191,3,3
03-06,3,8,191,3,3
03-07,3,8,191,3,3
03-08,3,8,191,3,3
03-09,3,8,191,3,3
03-10,3,8,191,3,3
03-11,3,8,191,3,3
03-12,3,8,191,3,3
03-13,3,8,191,3,3
03-14,3,8,191,3,3
03-15,3,8,191,3,3
03-16,3,8,191,3,3
03-17,3,8,191,3,3
03-18,3,8,191,3,3
03-19,3,8,191,3,3
03-20,3,8,191,3,3
03-21,5,8,191,3,5
03-22,5,8,191,3,5
04-01,3,7,10,4,3
04-02,3,7,192,4,3
04-03,3,7,192,4,3
04-04,3,7,192,4,3
04-05,3,7,192,4,3
04-06,3,7,192,4,3
04-07,3,7,10,4,3
04-08,3,7,10,4,3
04-09,3,7,192,4,3
04-10,3,7,192,4,3
04-11,3,7,192,4,3
04-12,3,7,10,4,3
04-13,3,7,192,4,3
04-14,3,7,192,4,3
04-15,3,7,192,4,3
04-16,3,7,192,4,3
04-17,3,7,192,4,3
04-18,3,7,192,4,3
04-19,3,7,192,4,3
04-20,3,7,192,4,3
04-21,3,7,192,4,3
05-01,2,1,175,1,3
05-02,2,1,175,1,3
05-03,2,1,175,1,3
05-04,3,1,175,1,3
05-05,2,1,175,1,3
05-06,2,1,182,1,3
05-07,2,1,182,1,3
05-08,2,1,182,1,3
05-09,2,1,182,1,3
05-10,2,1,175,1,3
05-11,2,1,182,1,3
05-12,2,1,175,1,3
05-13,2,1,175,1,3
05-14,2,1,182,1,3
05-15,2,1,175,5,2
05-16,2,1,175,1,3
05-17,2,1,175,1,2
05-18,3,1,175,1,3
05-19,3,1,175,1,3
05-20,2,1,175,5,2
05-21,2,1,175,1,2
05-22,2,1,182,1,3
05-23,2,1,175,5,2
05-24,2,1,175,1,3
05-25,2,1,175,1,3
05-26,2,1,175,1,3
05-27,2,1,175,1,2
05-28,2,1,182,1,3
05-29,2,1,182,1,3
05-30,2,1,175,1,2
05-31,2,1,175,1,3
05-32,2,1,175,1,2
05-33,2,1,175,1,2
05-34,2,1,175,1,2
05-35,2,1,175,1,3
05-36,2,1,175,1,3
05-37,2,1,175,1,3
06-01,3,7,10,3,3
06-02,3,7,10,3,3
06-03,3,7,10,3,3
06-04,3,7,10,3,3
06-05,3,7,10,3,3
06-06,3,7,10,3,3
06-07,3,7,10,3,3
06-08,3,7,10,3,3
06-09,3,7,10,3,3
06-10,3,7,10,3,3
06-11,3,7,10,3,3
06-12,3,7,10,3,3
06-13,3,7,190,3,3
06-14,3,7,190,3,3
06-15,3,7,190,3,3
06-16,3,7,10,3,3
06-17,3,7,190,3,3
06-18,3,7,190,3,3
07-01,2,2,197,7,2
07-02,2,2,197,7,2
07-03,2,2,197,7,2
07-04,2,2,197,7,2
07-05,2,2,180,7,2
07-06,2,2,180,7,2
07-07,2,2,180,7,2
07-08,2,2,180,7,2
07-09,2,2,180,7,2
07-10,2,2,180,7,2
07-11,2,2,180,7,2
07-12,2,2,180,7,2
07-13,2,2,180,7,2
07-14,2,2,180,7,2
07-15,2,2,180,7,2
07-16,2,2,180,7,2
07-17,2,2,180,7,2
07-18,2,2,180,7,2
07-19,2,2,180,7,2
07-20,2,2,180,7,2
07-21,2,2,180,7,2
07-22,2,2,180,7,2
07-23,2,2,180,7,2
08-01,3,1,182,2,3
08-02,3,1,182,2,3
08-03,3,1,182,2,3
08-04,3,1,182,2,3
08-05,3,1,182,2,3
08-06,3,1,182,2,3
08-07,3,1,182,2,3
08-08,3,1,182,2,3
08-09,3,1,182,2,3
08-10,3,1,182,5,3
08-11,3,1,182,5,3
08-12,3,1,182,2,3
08-13,3,1,182,2,3
08-14,3,1,182,2,3
08-15,3,1,182,5,3
08-16,3,1,182,5,3
08-17,3,1,10,5,3
08-18,3,1,10,5,3
08-19,3,1,10,5,3
08-20,3,1,182,2,3
08-21,3,1,182,2,3
08-22,3,1,10,5,3
08-23,3,1,10,5,3
08-24,3,1,195,5,3
08-25,3,1,181,5,3
08-26,3,1,181,5,3
08-27,3,1,182,2,3
08-28,3,1,182,2,3
08-29,3,1,10,5,3
08-30,3,1,181,5,3
08-31,3,1,195,5,3
08-32,3,1,181,5,3
08-33,3,1,182,5,3
08-34,3,1,182,2,3
08-35,3,1,182,2,3
09-01,3,4,200,8,3
09-02,3,4,200,8,3
09-03,3,4,200,8,3
09-04,3,4,194,8,3
09-05,3,4,194,8,3
09-06,3,4,194,8,3
09-07,3,4,194,8,3
09-08,3,4,194,8,3
09-09,3,4,194,8,3
09-10,3,4,194,8,3
09-11,3,4,200,8,3
09-12,3,4,200,8,3
09-13,3,4,200,8,3
09-14,3,4,200,8,3
09-15,3,4,200,8,3
09-16,3,4,194,8,3
09-17,3,4,194,8,3
10-01,3,4,198,9,3
10-02,3,4,200,9,3
10-03,3,4,200,9,3
10-04,3,4,200,9,3
10-05,3,4,200,9,3
10-06,3,4,201,9,3
10-07,3,4,198,9,3
10-08,3,4,198,9,3
10-09,3,4,198,9,3
10-10,3,4,198,9,3
10-11,3,4,198,9,3
10-12,3,4,198,9,3
10-13,3,4,200,9,3
10-14,3,4,200,9,3
10-15,3,4,200,9,3
10-16,3,4,201,9,3
10-17,3,4,200,9,3
10-18,3,4,201,9,3
10-19,3,4,201,9,3
10-20,3,4,201,9,3
10-21,3,4,201,9,3
10-22,3,4,201,9,3
10-23,3,4,200,9,3
10-24,3,4,200,9,3
10-25,3,4,200,9,3
10-26,3,4,201,9,3
10-27,3,4,201,9,3
10-28,3,4,200,9,3
10-29,3,4,200,9,3
11-01,3,3,190,8,3
11-02,3,3,190,8,3
11-03,3,3,190,8,3
11-04,3,3,190,8,3
11-05,3,3,190,8,3
11-06,3,3,190,8,3
11-07,3,3,190,8,3
11-08,3,3,190,8,3
11-09,3,3,190,8,3
11-10,3,3,190,8,3
11-11,3,3,190,8,3
11-12,3,3,190,8,3
11-13,3,3,190,8,3
11-14,3,3,190,8,3
11-15,3,3,190,8,3
11-16,3,3,190,8,3
11-17,3,3,190,8,3
11-18,3,3,190,8,3
11-19,3,3,190,8,3
11-20,3,3,190,8,3
12-01,3,4,201,8,3
12-02,3,4,201,8,3
12-03,3,4,201,8,3
12-04,3,4,201,8,3
12-05,3,4,201,8,3
12-06,3,4,201,8,3
12-07,3,4,201,8,3
12-08,3,7,198,8,3
12-09,3,4,201,8,3
12-10,3,4,201,8,3
12-11,3,7,198,8,3
12-12,3,4,201,8,3
12-13,3,4,201,8,3
12-14,3,4,201,8,3
12-15,3,7,201,8,3
12-16,3,7,201,8,3
12-17,3,7,198,8,3
12-18,3,4,198,8,3
12-19,3,4,198,8,3
12-20,3,4,198,8,3
12-21,3,4,198,8,3
12-22,3,7,201,8,3
12-23,3,7,201,8,3
12-24,3,7,198,8,3
13-01,3,3,198,8,3
13-02,3,3,198,8,3
13-03,3,3,198,8,3
13-04,3,3,198,8,3
13-05,3,3,198,8,3
13-06,3,3,198,8,3
13-07,3,3,198,8,3
13-08,3,3,198,8,3
13-09,3,3,198,8,3
13-10,3,3,198,8,3
13-11,3,3,198,8,3
13-12,3,3,198,8,3
13-13,3,3,198,8,3
13-14,3,3,198,8,3
13-15,3,3,198,8,3
13-16,3,3,190,8,3
13-17,3,3,198,8,3
13-18,3,3,190,8,3
13-19,3,3,198,8,3
13-20,3,3,190,8,3
13-21,3,3,190,8,3
13-22,3,3,190,8,3
13-23,3,3,190,8,3
13-24,3,3,190,8,3
13-25,3,3,190,8,3
14-01,2,3,181,5,2
14-02,2,3,181,5,2
14-03,2,3,181,5,2
14-04,2,3,181,5,2
14-05,2,3,181,5,2
14-06,2,3,181,5,2
14-07,2,3,181,5,2
14-08,2,3,181,5,2
14-09,2,3,181,5,2
14-10,2,3,181,5,2
14-11,2,3,181,5,2
15-01,3,3,195,5,3
15-02,3,3,195,5,3
15-03,3,3,181,5,3
15-04,3,3,195,5,3
15-05,3,3,195,5,3
15-06,3,3,195,5,3
15-07,3,3,181,5,3
15-08,3,3,195,5,3
15-09,3,3,195,5,3
15-10,3,3,181,5,3
15-11,3,3,195,5,3
15-12,3,3,195,5,3
15-13,3,3,195,5,3
15-14,3,3,195,5,3
15-15,3,3,195,5,3
15-16,3,3,195,5,3
15-17,3,3,195,5,3
15-18,3,3,195,5,3
15-19,3,3,195,5,3
16-01,3,3,195,5,3
16-02,3,3,195,5,3
16-03,3,3,195,5,3
16-04,3,3,195,5,3
16-05,2,3,195,5,3
16-06,3,3,195,5,3
16-07,3,3,195,5,3
16-08,3,3,195,5,3
16-09,3,3,195,5,3
16-10,3,3,195,5,3
16-11,3,3,195,5,3
16-12,3,3,195,5,3
16-13,3,3,195,5,3
16-14,3,3,195,5,3
16-15,3,3,195,5,3
16-16,3,3,195,5,3
16-17,3,3,195,5,3
16-18,3,3,195,5,3
17-01,3,4,201,8,3
17-02,3,4,201,8,3
17-03,3,4,201,8,3
17-04,3,4,201,8,3
17-05,3,4,201,8,3
17-06,3,4,201,8,3
17-07,3,4,201,8,3
17-08,3,4,201,8,3
17-09,3,4,201,8,3
17-10,3,4,201,8,3
17-11,3,4,201,8,3
17-12,3,4,201,8,3
17-13,3,4,201,8,3
17-14,3,4,201,8,3
17-15,3,4,201,8,3
17-16,3,4,201,8,3
17-17,3,4,201,8,3
17-18,3,4,201,8,3
17-19,3,4,201,8,3
17-20,3,4,201,8,3
17-21,3,4,201,8,3
17-22,3,4,201,8,3
17-23,3,4,201,8,3
17-24,3,4,201,8,3
17-25,3,4,201,8,3
17-26,3,4,201,8,3
17-27,3,4,201,8,3
17-28,3,4,201,8,3
17-29,3,4,201,8,3
18-01,2,1,175,5,2
18-02,2,1,175,5,2
18-03,2,1,197,7,2
18-04,2,1,175,5,2
18-05,2,1,175,1,2
18-06,2,1,175,5,2
18-07,2,1,175,5,2
18-08,2,1,197,7,2
18-09,2,1,181,5,2
18-10,2,1,175,7,2
18-11,2,1,175,5,2
18-12,2,1,175,5,2
18-13,2,1,197,7,2
18-14,2,1,181,7,2
18-15,2,1,181,7,2
18-16,2,1,181,7,2
18-17,2,1,197,7,2
18-18,2,1,175,5,2
18-19,2,1,175,1,2
19-01,2,2,197,7,2
19-02,2,2,197,7,2
19-03,2,2,197,7,2
19-04,2,2,197,7,2
19-05,2,2,197,7,2
19-06,2,2,197,7,2
19-07,2,2,197,7,2
19-08,2,2,197,7,2
19-09,2,2,197,7,2
19-10,2,2,197,7,2
19-11,2,2,197,7,2
19-12,2,2,197,7,2
19-13,2,2,197,7,2
19-14,2,2,197,7,2
19-15,2,2,197,7,2
19-16,2,2,197,7,2
19-17,2,2,197,7,2
19-18,2,2,197,7,2
19-19,2,2,197,7,2
20-01,2,3,181,5,2
20-02,2,3,181,5,2
20-03,2,3,181,5,2
20-04,2,3,181,5,2
20-05,2,3,181,5,2
20-06,2,3,181,5,2
20-07,2,3,181,5,2
20-08,2,3,181,5,2
20-09,2,3,181,5,2
20-10,2,3,181,5,2
20-11,2,3,181,5,2
21-01,3,7,194,4,3
21-02,3,7,194,4,3
21-03,3,7,194,4,3
21-04,3,7,194,4,3
21-05,3,7,194,4,3
21-06,3,7,194,4,3
21-07,3,7,194,4,3
21-08,3,7,194,4,3
21-09,3,7,194,4,3
21-10,3,7,194,4,3
21-11,3,7,194,4,3
21-12,3,7,194,4,3
21-13,3,7,194,4,3
21-14,3,7,194,4,3
21-15,3,7,194,4,3
21-16,3,7,194,4,3
21-17,3,7,194,4,3
21-18,3,7,194,4,3
21-19,3,7,194,4,3
21-20,3,7,194,4,3
21-21,3,7,194,4,3
21-22,3,7,194,4,3
21-23,3,7,194,4,3
21-24,3,7,200,4,3
21-25,3,7,194,4,3
21-26,3,7,194,4,3
21-27,3,7,194,4,3
21-28,3,7,194,4,3
21-29,3,7,194,4,3
21-30,3,7,194,4,3
21-31,3,7,194,4,3
21-32,3,7,194,4,3
21-33,3,7,194,4,3
21-34,3,7,194,4,3
21-35,3,7,194,4,3
21-36,3,7,194,4,3
21-37,3,7,194,4,3
21-38,3,7,194,4,3
21-39,3,7,194,4,3
21-40,3,7,194,4,3
21-41,3,7,194,4,3
21-42,3,7,194,4,3
21-43,3,7,194,4,3
21-44,3,7,194,4,3
21-45,3,7,194,4,3
22-01,3,4,200,8,3
22-02,3,4,200,8,3
22-03,3,4,200,8,3
22-04,3,4,200,8,3
22-05,3,4,200,8,3
22-06,3,4,200,8,3
22-07,3,4,200,8,3
22-08,3,4,200,8,3
22-09,3,4,200,8,3
22-10,3,4,200,8,3
22-11,3,4,200,8,3
22-12,3,4,200,8,3
22-13,3,4,200,8,3
22-14,3,4,200,8,3
22-15,3,4,200,8,3
22-16,3,4,200,8,3
22-17,3,4,200,8,3
22-18,3,4,200,8,3
22-19,3,4,200,8,3
22-20,3,4,200,8,3
22-21,3,4,200,8,3
22-22,3,4,200,8,3
22-23,3,4,200,8,3
22-24,3,4,200,8,3
22-25,3,4,200,8,3
22-26,3,4,200,8,3
22-27,3,4,200,8,3
22-28,3,4,200,8,3
22-29,3,4,200,8,3
23-01,2,2,179,7,2
23-02,2,2,179,7,2
23-03,2,2,179,7,2
23-04,2,2,179,7,2
23-05,2,2,179,7,2
23-06,2,2,179,7,2
23-07,2,2,179,7,2
23-08,2,2,179,7,2
23-09,2,2,179,7,2
23-10,2,2,179,7,2
23-11,2,2,179,7,2
23-12,2,2,179,7,2
23-13,2,2,177,7,2
23-14,2,2,179,7,2
23-15,2,2,179,7,2
23-16,2,2,179,7,2
23-17,2,2,179,7,2
23-18,2,2,179,7,2
23-19,2,2,179,7,2
23-20,2,2,179,7,2
23-21,2,2,179,7,2
23-22,2,2,179,7,2
23-23,2,2,179,7,2
24-01,3,7,10,3,3
24-02,3,7,10,3,3
24-03,3,7,10,3,3
24-04,3,7,10,3,3
24-05,3,7,10,3,3
24-06,3,7,10,3,3
24-07,3,7,10,3,3
24-08,3,7,10,3,3
24-09,3,7,10,3,3
24-10,3,7,10,3,3
24-11,3,7,10,3,3
24-12,3,7,10,3,3
24-13,3,7,10,3,3
24-14,3,7,10,3,3
24-15,3,7,10,3,3
24-16,3,7,10,3,3
24-17,3,7,10,3,3
24-18,3,7,10,3,3
24-19,3,7,10,3,3
25-01,2,1,177,1,2
25-02,2,2,180,1,2
25-03,2,2,177,1,2
25-04,2,1,177,1,2
25-05,2,2,177,1,2
25-06,2,2,177,1,2
25-07,2,1,177,1,2
25-08,2,2,177,1,2
25-09,2,2,180,1,2
25-10,2,2,177,1,2
25-11,2,2,177,1,2
25-12,2,2,177,1,2
25-13,2,2,180,1,2
25-14,2,2,180,1,2
25-15,2,2,180,1,2
25-16,2,2,180,1,2
25-17,2,2,180,1,2
25-18,2,2,180,1,2
25-19,2,2,180,7,2
25-20,2,2,180,7,2
25-21,2,2,180,1,2
25-22,2,2,177,1,2
25-23,2,2,177,1,2
25-24,2,2,180,1,2
26-01,5,1,185,2,5
26-02,5,1,185,2,5
26-03,5,1,185,2,5
26-04,5,8,185,2,5
26-05,5,8,185,2,5
26-06,5,8,185,2,5
26-07,5,8,185,2,5
26-08,3,8,185,2,5
26-09,5,8,185,2,5
26-10,3,8,185,2,5
26-11,3,8,185,2,5
26-12,3,8,185,2,5
26-13,5,8,185,2,5
26-14,5,8,185,2,5
26-15,5,8,185,2,5
26-16,3,8,185,2,5
26-17,3,8,185,2,5
26-18,5,8,185,2,5
26-19,3,8,185,2,5
26-20,5,1,185,2,5
26-21,3,8,185,2,5
26-22,3,8,185,2,5
26-23,5,1,185,2,5
27-01,3,8,188,3,3
27-02,3,8,188,3,3
27-03,3,7,188,3,3
27-04,3,8,188,3,3
27-05,3,8,188,3,3
27-06,3,7,188,3,3
27-07,3,8,188,3,3
27-08,3,8,188,3,3
27-09,3,8,188,3,3
27-10,3,8,188,3,3
27-11,3,7,188,3,3
27-12,3,8,188,3,3
27-13,3,7,188,3,3
27-14,3,8,188,3,3
27-15,3,8,188,3,3
27-16,3,8,188,3,3
27-17,3,8,188,3,3
27-18,3,7,188,3,3
27-19,3,8,188,3,3
27-20,3,8,188,3,3
27-21,3,8,188,3,3
27-22,3,8,188,3,3
27-23,3,8,188,3,3
28-01,3,7,190,5,3
28-02,3,7,195,5,3
28-03,3,7,195,5,3
28-04,3,7,190,5,3
28-05,3,7,190,5,3
28-06,3,7,190,5,3
28-07,3,7,195,5,3
28-08,3,7,195,5,3
28-09,3,7,190,4,3
28-10,3,7,190,5,3
28-11,3,7,190,5,3
28-12,3,7,190,5,3
28-13,3,7,190,5,3
28-14,3,7,190,5,3
28-15,3,7,190,5,3
28-16,3,7,190,4,3
28-17,3,7,190,4,3
28-18,3,7,190,4,3
29-01,3,3,195,5,3
29-02,3,3,195,5,3
29-03,3,3,195,5,3
29-04,3,3,195,5,3
29-05,3,3,195,5,3
29-06,3,3,195,5,3
29-07,3,3,195,5,3
29-08,3,3,195,5,3
29-09,3,3,195,5,3
29-10,3,3,195,4,3
29-11,3,3,195,5,3
29-12,3,3,195,5,3
29-13,3,3,195,5,3
29-14,3,3,195,5,3
29-15,3,3,195,5,3
29-16,3,3,195,5,3
29-17,3,3,195,5,3
29-18,3,3,195,5,3
30-01,3,1,182,2,3
30-02,3,1,182,2,3
30-03,3,1,182,2,3
30-04,3,1,186,2,3
30-05,3,1,186,2,3
30-06,3,1,182,2,3
30-07,3,1,182,2,3
30-08,3,1,182,2,3
30-09,3,1,182,2,3
30-10,3,1,186,2,3
30-11,3,1,186,2,3
30-12,3,1,186,2,3
30-13,3,1,186,2,3
30-14,3,1,186,2,3
30-15,3,1,182,2,3
30-16,3,1,182,2,3
30-17,3,1,186,2,3
31-01,2,1,197,7,2
31-02,2,1,197,7,2
31-03,2,1,175,1,2
31-04,2,1,175,1,2
31-05,2,1,175,1,2
31-06,2,1,175,1,2
31-07,2,1,177,1,2
31-08,2,1,177,1,2
31-09,2,1,197,7,2
31-10,2,1,177,1,2
31-11,2,1,177,1,2
31-12,2,1,177,1,2
31-13,2,1,175,1,2
31-14,2,1,177,1,2
31-15,2,1,175,1,2
31-16,2,1,177,1,2
31-17,2,1,177,1,2
31-18,2,1,177,1,2
31-19,2,1,177,1,2
32-01,3,3,195,5,3
32-02,3,3,195,5,3
32-03,3,3,195,5,3
32-04,3,3,195,5,3
32-05,3,3,195,5,3
32-06,3,3,195,5,3
32-07,3,3,195,5,3
32-08,3,3,195,5,3
32-09,3,3,195,5,3
32-10,3,3,195,5,3
32-11,3,3,195,5,3
32-12,3,3,195,5,3
32-13,3,3,195,5,3
32-14,3,3,195,5,3
32-15,3,3,195,5,3
32-16,3,3,195,5,3
32-17,3,3,195,5,3
32-18,3,3,195,5,3
32-19,3,3,195,5,3
32-20,3,3,195,5,3
32-21,3,3,195,5,3
32-22,3,3,195,5,3
32-23,3,3,195,5,3
32-24,3,3,195,5,3
32-25,3,3,195,5,3
32-26,3,3,195,5,3
32-27,3,3,195,5,3
32-28,3,3,195,5,3
32-29,3,3,195,5,3
32-30,3,3,195,5,3
32-31,3,3,195,5,3
33-01,2,2,179,7,2
33-02,2,2,180,7,2
33-03,2,2,180,7,2
33-04,2,2,180,7,2
33-05,2,2,179,7,2
33-06,2,2,180,7,2
33-07,2,2,180,7,2
33-08,2,2,180,7,2
33-09,2,2,180,7,2
33-10,2,2,180,7,2
33-11,2,2,180,7,2
33-12,2,2,180,7,2
33-13,2,2,180,7,2
33-14,2,2,180,7,2
33-15,2,2,180,7,2
33-16,2,2,180,7,2
33-17,2,2,180,7,2
33-18,2,2,180,7,2
33-19,2,2,180,7,2
33-20,2,2,180,7,2
33-21,2,2,180,7,2
33-22,2,2,180,7,2
33-23,2,2,180,7,2
33-24,2,2,180,7,2
34-01,3,7,192,4,3
34-02,3,7,192,4,3
34-03,3,7,192,4,3
34-04,3,7,192,4,3
34-05,3,7,192,4,3
34-06,3,7,192,4,3
34-07,3,7,192,4,3
34-08,3,7,192,4,3
34-09,3,7,192,4,3
34-10,3,7,192,4,3
34-11,3,7,192,4,3
34-12,3,7,192,4,3
34-13,3,7,192,4,3
34-14,3,7,192,4,3
34-15,3,7,192,4,3
34-16,3,7,192,4,3
34-17,3,7,192,4,3
34-18,3,7,192,4,3
34-19,3,7,192,4,3
34-20,3,7,192,4,3
34-21,3,7,192,4,3
34-22,3,7,192,4,3
34-23,3,7,192,4,3
34-24,3,7,192,4,3
34-25,3,7,192,4,3
34-26,3,7,192,4,3
34-27,3,7,192,4,3
34-28,3,7,192,4,3
34-29,3,7,192,4,3
34-30,3,7,192,4,3
34-31,3,7,192,4,3
34-32,3,7,192,4,3
34-33,3,7,192,4,3
34-34,3,7,192,4,3
34-35,3,7,192,4,3
34-36,3,7,192,4,3
34-37,3,7,192,4,3
34-38,3,7,192,4,3
34-39,3,7,192,4,3
34-40,3,7,192,4,3
34-41,3,7,192,4,3
34-42,3,7,192,4,3
35-01,2,2,203,9,2
35-02,2,2,203,9,2
35-03,2,2,203,9,2
35-04,2,2,203,9,2
35-05,2,2,203,9,2
35-06,2,2,203,9,2
35-07,2,2,203,9,2
35-08,2,2,203,9,2
35-09,2,3,203,9,2
35-10,2,3,203,9,2
35-11,2,3,203,9,2
35-12,2,2,203,9,2
35-13,2,3,203,9,2
35-14,2,2,203,9,2
35-15,2,2,203,9,2
35-16,2,2,203,9,2
35-17,2,2,203,9,2
35-18,2,3,203,9,2
35-19,2,3,203,9,2
35-20,2,3,203,9,2
35-21,2,3,179,9,2
35-22,2,2,179,9,2
35-23,2,2,179,9,2
35-24,2,2,179,9,2
35-25,2,3,203,9,2
35-26,2,2,179,9,2
35-27,2,3,179,9,2
35-28,2,3,179,9,2
35-29,2,3,179,9,2
35-30,2,3,179,9,2
35-31,2,3,203,9,2
35-32,2,2,203,9,2
36-01,3,8,186,2,3
36-02,3,8,186,2,3
36-03,3,8,186,2,3
36-04,3,8,186,2,3
36-05,3,8,186,2,3
36-06,3,8,186,2,3
36-07,3,8,186,2,3
36-08,3,8,186,2,3
36-09,3,8,186,2,3
36-10,3,8,186,2,3
36-11,3,8,186,2,3
36-12,3,8,186,2,3
36-13,3,8,186,2,3
36-14,3,8,186,2,3
36-15,3,8,186,2,3
36-16,3,8,186,2,3
36-17,3,8,186,2,3
36-18,3,8,186,2,3
36-19,3,8,186,2,3
36-20,3,8,186,2,3
36-21,3,8,186,2,3
36-22,3,8,186,2,3
36-23,3,8,186,2,3
36-24,3,8,186,2,3
36-25,3,8,186,2,3
36-26,3,8,186,2,3
36-27,3,8,186,2,3
36-28,3,8,186,2,3
36-29,3,8,186,2,3
36-30,3,8,186,2,3
36-31,3,8,186,2,3
36-32,3,8,186,2,3
36-33,3,8,186,2,3
36-34,3,8,186,2,3
36-35,3,8,186,2,3
36-36,3,8,186,2,3
36-37,3,8,186,2,3
36-38,3,8,186,2,3
36-39,3,8,186,2,3
36-40,3,8,186,2,3
36-41,3,8,186,2,3
37-01,2,3,181,5,2
37-02,2,3,181,5,2
37-03,2,3,181,5,2
37-04,2,3,181,5,2
37-05,2,3,181,5,2
37-06,2,3,181,5,2
37-07,2,3,181,5,2
37-08,2,3,181,5,2
37-09,2,3,181,5,2
37-10,2,3,181,5,2
37-11,2,3,181,5,2
37-12,2,3,181,5,2
37-13,2,3,197,5,2
37-14,2,3,181,5,2
37-15,2,3,197,5,2
37-16,2,3,197,5,2
37-17,2,3,181,5,2
37-18,2,3,181,5,2
37-19,2,3,197,5,2
37-20,2,3,197,5,2
37-21,2,3,197,5,2
38-01,3,7,190,4,3
38-02,3,7,190,4,3
38-03,3,7,190,4,3
38-04,3,7,190,4,3
38-05,3,7,190,4,3
38-06,3,7,190,4,3
38-07,3,7,190,4,3
38-08,3,7,190,4,3
38-09,3,7,190,4,3
38-10,3,7,190,4,3
38-11,3,7,194,4,3
38-12,3,7,194,4,3
38-13,3,7,194,4,3
38-14,3,7,194,4,3
38-15,3,7,194,4,3
38-16,3,7,194,4,3
38-17,3,7,190,4,3
38-18,3,7,194,4,3
38-19,3,7,194,4,3
38-20,3,7,194,4,3
38-21,3,7,190,4,3
39-01,3,1,184,1,5
39-02,5,1,184,1,5
39-03,3,1,184,1,5
39-04,3,1,184,1,5
39-05,3,1,184,1,5
39-06,3,1,184,1,5
39-07,3,1,184,1,5
39-08,3,1,184,1,5
39-09,3,1,184,1,5
39-10,3,1,184,1,5
39-11,3,1,184,1,5
39-12,3,1,184,1,5
39-13,5,1,184,1,5
39-14,5,1,184,2,5
39-15,3,1,184,1,5
39-16,3,1,184,1,5
39-17,5,1,184,1,5
39-18,3,1,184,1,5
39-19,3,1,184,1,5
39-20,3,1,184,1,5
39-21,3,1,184,1,5
39-22,3,1,184,1,5
39-23,3,1,184,1,5
39-24,5,1,184,1,5
39-25,3,1,184,1,5
39-26,3,1,184,1,5
39-27,3,1,184,1,5
39-28,3,1,184,1,5
39-29,5,1,184,1,5
39-30,3,1,184,1,5
39-31,3,1,184,1,5
39-32,3,1,184,1,5
39-33,5,1,184,1,5
39-34,3,1,184,1,5
39-35,3,1,184,1,5
39-36,5,1,184,2,5
39-37,3,1,184,1,5
39-38,3,1,184,1,5
39-39,5,1,184,1,5
39-40,3,1,184,1,5
39-41,5,1,184,2,5
39-42,3,1,184,1,5
39-43,3,1,184,1,5
39-44,5,1,184,1,5
39-45,3,1,184,1,5
39-46,3,1,184,1,5
40-01,5,8,185,2,5
40-02,5,8,191,2,5
40-03,5,8,185,2,5
40-04,5,8,185,3,5
40-05,5,8,191,2,5
40-06,5,8,185,2,5
40-07,5,8,191,2,5
40-08,5,8,191,2,5
40-09,5,8,191,2,5
40-10,5,8,191,2,5
40-11,5,8,191,2,5
40-12,5,8,185,2,5
40-13,5,8,185,2,5
40-14,5,8,185,3,5
40-15,5,8,185,2,5
40-16,5,8,185,2,5
40-17,5,8,185,2,5
40-18,5,8,185,2,5
40-19,5,8,185,2,5
40-20,5,8,191,2,5
40-21,5,8,191,2,5
40-22,5,8,185,2,5
40-23,5,8,191,2,5
40-24,5,8,191,2,5
40-25,5,8,191,2,5
40-26,5,8,191,2,5
40-27,5,8,185,2,5
40-28,5,8,185,3,5
40-29,5,8,185,2,5
40-30,5,1,185,2,5
40-31,5,8,185,2,5
40-32,5,8,185,2,5
40-33,5,8,191,2,5
40-34,5,8,191,2,5
40-35,5,8,185,2,5
40-36,5,8,185,2,5
40-37,5,8,185,2,5
40-38,5,1,185,2,5
40-39,5,8,185,2,5
40-40,5,1,185,2,5
40-41,5,8,185,2,5
40-42,5,8,185,2,5
40-43,5,8,185,2,5
40-44,5,8,185,2,5
40-45,5,8,185,2,5
40-46,5,8,185,2,5
40-47,5,8,191,2,5
40-48,5,8,185,2,5
40-49,5,8,185,2,5
40-50,5,8,185,2,5
40-51,5,8,185,2,5
41-01,2,5,177,6,2
41-02,2,5,177,6,2
41-03,2,5,177,6,2
41-04,2,5,177,6,2
41-05,2,5,177,6,2
41-06,2,5,177,6,2
41-07,2,5,177,6,2
41-08,2,5,177,6,2
41-09,2,5,177,6,2
41-10,2,5,177,6,2
41-11,2,5,177,6,2
41-12,2,5,202,6,2
41-13,2,5,177,6,2
41-14,2,5,177,6,2
41-15,2,5,173,6,2
41-16,2,5,173,6,2
41-17,2,5,173,6,2
41-18,2,5,173,6,2
41-19,2,5,173,6,2
41-20,2,5,173,6,2
41-21,2,5,173,6,2
41-22,2,5,173,6,2
41-23,2,5,173,6,2
41-24,2,5,173,6,2
41-25,2,5,173,6,2
41-26,2,5,173,6,2
42-01,2,3,179,7,2
42-02,2,3,197,7,2
42-03,2,3,197,7,2
42-04,2,3,197,7,2
42-05,2,3,197,7,2
42-06,2,3,197,7,2
42-07,2,3,197,7,2
42-08,2,3,197,7,2
42-09,2,3,197,7,2
42-10,2,3,197,7,2
42-11,2,3,197,7,2
42-12,2,3,179,8,2
42-13,2,3,179,8,2
42-14,2,3,179,8,2
42-15,2,3,179,9,2
42-16,2,3,179,8,2
42-17,2,3,179,8,2
42-18,2,3,179,9,2
42-19,2,3,179,9,2
42-20,2,3,179,8,2
42-21,2,3,179,8,2
42-22,2,3,197,7,2
42-23,2,3,179,7,2
42-24,2,3,179,9,2
42-25,2,3,179,9,2
43-01,2,3,197,5,2
43-02,2,3,197,7,2
43-03,2,3,197,7,2
43-04,2,3,197,7,2
43-05,2,3,197,7,2
43-06,2,3,197,7,2
43-07,2,3,197,7,2
43-08,2,3,197,7,2
43-09,2,3,197,5,2
43-10,2,3,197,5,2
43-11,2,3,197,7,2
43-12,2,3,197,7,2
43-13,2,3,197,5,2
43-14,2,3,197,5,2
43-15,2,3,197,5,2
43-16,2,3,197,5,2
43-17,2,3,197,7,2
43-18,2,3,197,7,2
43-19,2,3,197,7,2
43-20,2,3,197,7,2
43-21,2,3,197,5,2
43-22,2,3,197,5,2
43-23,2,3,197,5,2
43-24,2,3,197,5,2
43-25,2,3,197,5,2
44-01,3,7,190,4,3
44-02,3,7,190,4,3
44-03,3,7,10,3,3
44-04,3,7,10,3,3
44-05,3,7,190,4,3
44-06,3,7,10,3,3
44-07,3,7,190,4,3
44-08,3,7,10,3,3
44-09,3,7,10,3,3
44-10,3,7,10,3,3
44-11,3,7,190,3,3
44-12,3,7,190,3,3
44-13,3,7,10,3,3
44-14,3,7,10,3,3
44-15,3,7,10,3,3
44-16,3,7,10,3,3
44-17,3,7,190,3,3
44-18,3,7,190,3,3
44-19,3,7,190,4,3
45-01,2,2,177,6,2
45-02,2,2,177,6,2
45-03,2,2,177,6,2
45-04,2,2,177,6,2
45-05,2,2,177,6,2
45-06,2,2,177,6,2
45-07,2,2,177,6,2
45-08,2,2,180,6,2
45-09,2,2,180,6,2
45-10,2,2,180,6,2
45-11,2,2,180,6,2
45-12,2,2,177,6,2
45-13,2,2,180,6,2
45-14,2,2,180,6,2
45-15,2,2,177,6,2
45-16,2,2,180,6,2
45-17,2,2,180,6,2
45-18,2,2,180,6,2
45-19,2,2,180,6,2
45-20,2,2,177,6,2
45-21,2,2,180,6,2
45-22,2,2,177,6,2
45-23,2,2,177,6,2
45-24,2,2,177,6,2
45-25,2,2,177,6,2
46-01,3,8,188,3,3
46-02,3,8,188,3,3
46-03,3,8,188,3,3
46-04,3,8,188,3,3
46-05,3,8,188,3,3
46-06,3,8,188,3,3
46-07,3,7,188,3,3
46-08,3,8,188,3,3
46-09,3,8,188,3,3
46-10,3,8,188,3,3
46-11,3,8,188,3,3
46-12,3,8,188,3,3
46-13,3,8,188,3,3
46-14,3,8,188,3,3
46-15,3,8,188,3,3
46-16,3,8,188,3,3
46-17,3,8,188,3,3
46-18,3,8,188,3,3
46-19,3,7,188,3,3
46-20,3,8,188,3,3
46-21,3,8,188,3,3
46-22,3,7,188,3,3
46-23,3,7,188,3,3
47-01,3,3,181,5,3
47-02,3,3,181,5,3
47-03,3,3,181,5,3
47-04,3,3,181,5,3
47-05,3,3,181,5,3
47-06,3,3,181,5,3
47-07,3,3,181,5,3
47-08,3,3,181,5,3
47-09,3,3,181,5,3
47-10,3,3,181,5,3
47-11,3,3,181,5,3
47-12,3,3,181,5,3
47-13,3,3,181,5,3
47-14,3,3,181,5,3
48-01,3,8,186,2,3
48-02,3,8,186,2,3
48-03,3,8,186,2,3
48-04,3,8,186,2,3
48-05,3,8,186,2,3
48-06,3,8,186,2,3
48-07,3,8,186,2,3
48-08,3,8,185,2,3
48-09,3,8,186,2,3
48-10,3,8,186,2,3
48-11,3,8,186,2,3
48-12,3,8,185,2,3
48-13,3,8,186,2,3
48-14,3,8,186,2,3
48-15,3,8,186,2,3
48-16,3,8,186,2,3
48-17,3,8,185,2,3
48-18,3,8,186,2,3
48-19,3,8,186,2,3
48-20,3,8,186,2,3
48-21,3,8,186,2,3
48-22,3,8,186,2,3
48-23,3,8,186,2,3
49-01,2,3,197,8,2
49-02,2,3,198,9,2
49-03,2,3,198,9,2
49-04,2,3,198,8,2
49-05,2,3,198,8,2
49-06,2,3,198,9,2
49-07,2,3,198,9,2
49-08,2,3,198,9,2
49-09,2,3,198,8,2
49-10,2,3,198,8,2
49-11,2,3,198,8,2
49-12,2,3,198,8,2
49-13,2,3,197,8,2
49-14,2,3,198,8,2
49-15,2,3,198,8,2
49-16,2,3,198,9,2
49-17,2,3,198,9,2
49-18,2,3,198,9,2
49-19,2,3,198,8,2
49-20,2,3,198,9,2
49-21,2,3,198,9,2
49-22,2,3,198,9,2
50-01,3,4,200,9,3
50-02,3,4,200,9,3
50-03,3,4,200,9,3
50-04,3,4,200,9,3
50-05,3,4,200,9,3
50-06,3,4,200,9,3
50-07,3,4,200,9,3
50-08,3,4,200,9,3
50-09,3,4,200,9,3
50-10,3,4,200,9,3
50-11,3,4,200,9,3
50-12,3,4,200,9,3
50-13,3,4,200,9,3
50-14,3,4,200,9,3
50-15,3,4,200,9,3
50-16,3,4,200,9,3
50-17,3,4,200,9,3
50-18,3,4,200,9,3
50-19,3,4,200,9,3
50-20,3,4,200,9,3
50-21,3,4,200,9,3
50-22,3,4,200,9,3
50-23,3,4,200,9,3
50-24,3,4,200,9,3
50-25,3,4,200,9,3
50-26,3,4,200,9,3
50-27,3,4,200,9,3
50-28,3,4,200,9,3
50-29,3,4,200,9,3
50-30,3,4,200,9,3
51-01,3,8,188,3,3
51-02,3,8,188,3,3
51-03,3,8,186,3,5
51-04,3,8,191,3,5
51-05,3,8,188,3,3
51-06,3,8,188,3,3
51-07,3,8,188,3,3
51-08,3,8,188,3,3
51-09,3,8,186,3,5
51-10,3,8,186,3,5
51-11,3,8,186,3,3
51-12,3,8,186,3,3
51-13,3,8,191,3,3
51-14,3,8,188,3,3
51-15,3,8,188,3,3
51-16,3,8,191,3,3
51-17,3,8,191,3,3
51-18,3,8,191,3,3
51-19,3,8,191,3,3
51-20,3,8,191,3,3
51-21,5,8,186,3,5
51-22,3,8,186,3,5
51-23,3,8,188,3,3
51-24,5,8,186,3,5
51-25,5,8,186,3,5
51-26,3,8,191,3,3
51-27,5,8,191,3,5
51-28,3,8,191,3,3
52-01,3,7,190,4,3
52-02,3,7,190,4,3
52-03,3,7,190,4,3
52-04,3,7,190,4,3
52-05,3,7,192,4,3
52-06,3,7,190,4,3
52-07,3,7,190,4,3
52-08,3,7,190,4,3
52-09,3,7,190,4,3
52-10,3,7,190,4,3
52-11,3,7,190,4,3
52-12,3,7,190,4,3
52-13,3,7,190,4,3
52-14,3,7,192,4,3
52-15,3,7,192,4,3
52-16,3,7,192,4,3
52-17,3,7,190,4,3
52-18,3,7,192,4,3
52-19,3,7,192,4,3
52-20,3,7,192,4,3
52-21,3,7,190,4,3
52-22,3,7,190,4,3
52-23,3,7,190,4,3
52-24,3,7,190,4,3
52-25,3,7,192,4,3
52-26,3,7,192,4,3
52-27,3,7,192,4,3
52-28,3,7,190,4,3
53-01,2,2,203,9,2
53-02,2,2,203,9,2
53-03,2,2,203,9,2
53-04,2,2,203,9,2
53-05,2,2,203,9,2
53-06,2,2,203,9,2
53-07,2,2,203,9,2
53-08,2,2,203,9,2
53-09,2,2,203,9,2
53-10,2,2,203,9,2
53-11,2,2,203,9,2
53-12,2,2,203,9,2
53-13,2,2,203,9,2
53-14,2,2,203,9,2
53-15,2,2,203,9,2
53-16,2,2,203,9,2
53-17,2,2,203,9,2
53-18,2,2,203,9,2
53-19,2,2,203,9,2
53-20,2,2,203,9,2
53-21,2,2,203,9,2
53-22,2,2,203,9,2
53-23,2,2,203,9,2
54-01,2,2,202,7,2
54-02,2,2,202,7,2
54-03,2,2,202,7,2
54-04,2,2,202,7,2
54-05,2,2,202,7,2
54-06,2,2,202,7,2
54-07,2,2,202,6,2
54-08,2,2,202,9,2
54-09,2,2,202,7,2
54-10,2,2,202,6,2
54-11,2,2,202,7,2
54-12,2,2,202,9,2
54-13,2,2,202,9,2
54-14,2,2,202,6,2
54-15,2,2,202,6,2
54-16,2,2,202,6,2
54-17,2,2,202,9,2
54-18,2,2,202,9,2
54-19,2,2,202,6,2
54-20,2,2,202,6,2
54-21,2,2,202,6,2
54-22,2,2,202,6,2
55-01,2,2,177,6,2
55-02,2,2,177,6,2
55-03,2,2,202,6,2
55-04,2,2,202,6,2
55-05,2,2,202,6,2
55-06,2,2,202,6,2
55-07,2,2,202,6,2
55-08,2,2,202,6,2
55-09,2,2,202,6,2
55-10,2,2,202,6,2
55-11,2,2,202,6,2
55-12,2,2,202,6,2
55-13,2,2,202,6,2
55-14,2,2,202,6,2
55-15,2,2,202,6,2
55-16,2,2,202,6,2
55-17,2,2,202,6,2
55-18,2,2,202,6,2
55-19,2,2,202,6,2
55-20,2,2,202,6,2
55-21,2,2,202,6,2
55-22,2,2,202,6,2
55-23,2,2,202,6,2
55-24,2,2,202,6,2
55-25,2,2,202,6,2
55-26,2,2,202,6,2
55-27,2,2,202,6,2
55-28,2,2,202,6,2
55-29,2,2,202,6,2
56-01,2,5,172,10,2
56-02,2,5,172,10,2
56-03,2,5,172,10,2
56-04,2,5,172,10,2
56-05,2,5,172,10,2
56-06,2,5,172,10,2
56-07,2,5,172,10,2
56-08,2,5,172,10,2
56-09,2,5,172,10,2
56-10,2,5,172,10,2
56-11,2,5,174,10,2
56-12,2,5,174,10,2
56-13,2,5,172,10,2
56-14,2,5,172,10,2
56-15,2,5,172,10,2
56-16,2,5,172,10,2
56-17,2,5,174,10,2
56-18,2,5,174,10,2
56-19,2,5,174,10,2
56-20,2,5,174,10,2
56-21,2,5,174,10,2
56-22,2,5,174,10,2
56-23,2,5,174,10,2
56-24,2,5,174,10,2
56-25,2,5,174,10,2
56-26,2,5,174,10,2
56-27,2,5,174,10,2
56-28,2,5,174,10,2
56-29,2,5,174,10,2
56-30,2,5,174,10,2
56-31,2,5,174,10,2
56-32,2,5,174,10,2
56-33,2,5,172,10,2
56-34,2,5,172,6,2
56-35,2,5,174,10,2
56-36,2,5,172,10,2
56-37,2,5,172,10,2
56-38,2,5,174,10,2
56-39,2,5,174,10,2
56-40,2,5,172,6,2
56-41,2,5,174,10,2
57-01,2,5,173,6,2
57-02,2,5,174,6,2
57-03,2,5,174,6,2
57-04,2,5,174,6,2
57-05,2,5,174,6,2
57-06,2,5,174,6,2
57-07,2,5,174,6,2
57-08,2,5,174,6,2
57-09,2,5,174,6,2
57-10,2,5,174,6,2
57-11,2,5,174,6,2
57-12,2,5,174,6,2
57-13,2,5,173,6,2
57-14,2,5,173,6,2
57-15,2,5,174,6,2
57-16,2,5,174,6,2
57-17,2,5,173,6,2
57-18,2,5,173,6,2
57-19,2,5,174,6,2
57-20,2,5,174,6,2
57-21,2,5,174,6,2
57-22,2,5,173,6,2
57-23,2,5,174,6,2
57-24,2,5,174,6,2
57-25,2,5,174,6,2
57-26,2,5,174,6,2
57-27,2,5,174,6,2
57-28,2,5,173,6,2
58-01,2,5,172,10,2
58-02,2,5,172,10,2
58-03,2,5,170,10,2
58-04,2,5,170,10,2
58-05,2,5,170,10,2
58-06,2,5,170,10,2
58-07,2,5,170,10,2
58-08,2,5,170,10,2
58-09,2,5,172,10,2
58-10,2,5,172,10,2
58-11,2,5,172,10,2
58-12,2,5,170,10,2
58-13,2,5,172,10,2
58-14,2,5,172,10,2
58-15,2,5,172,10,2
58-16,2,5,172,10,2
58-17,2,5,172,10,2
58-18,2,5,172,10,2
58-19,2,5,172,10,2
58-20,2,5,170,10,2
58-21,2,5,170,10,2
58-22,2,5,170,10,2
58-23,2,5,170,10,2
58-24,2,5,170,10,2
58-25,2,5,170,10,2
58-26,2,5,172,10,2
58-27,2,5,172,10,2
58-28,2,5,172,10,2
58-29,2,5,170,10,2
58-30,2,5,170,10,2
58-31,2,5,170,10,2
58-32,2,5,170,10,2
58-33,2,5,170,10,2
58-34,2,5,170,10,2
58-35,2,5,170,10,2
58-36,2,5,172,10,2
58-37,2,5,170,10,2
58-38,2,5,170,10,2
58-39,2,5,170,10,2
58-40,2,5,170,10,2
58-41,2,5,170,10,2
58-42,2,5,172,10,2
58-43,2,5,170,10,2
58-44,2,5,172,10,2
59-01,3,4,201,8,3
59-02,3,4,201,8,3
59-03,3,4,201,8,3
59-04,3,4,201,8,3
59-05,3,4,201,8,3
59-06,3,4,201,8,3
59-07,3,4,201,8,3
59-08,3,4,201,8,3
59-09,3,4,201,8,3
59-10,3,4,201,8,3
59-11,3,4,201,8,3
59-12,3,4,201,8,3
59-13,3,4,201,8,3
59-14,3,4,201,8,3
59-15,3,4,201,8,3
59-16,3,4,201,8,3
59-17,3,4,201,8,3
59-18,3,4,201,8,3
59-19,3,4,201,8,3
59-20,3,4,201,8,3
59-21,3,4,201,8,3
59-22,3,4,201,8,3
59-23,3,4,201,8,3
59-24,3,4,201,8,3
59-25,3,4,201,8,3
60-01,3,7,188,3,3
60-02,3,7,188,3,3
60-03,3,7,188,3,3
60-04,3,7,10,3,3
60-05,3,7,10,3,3
60-06,3,8,10,3,3
60-07,3,8,10,3,3
60-08,3,7,188,3,3
60-09,3,7,188,3,3
60-10,3,8,188,3,3
60-11,3,8,10,3,3
60-12,3,7,188,3,3
60-13,3,7,188,3,3
60-14,3,7,10,3,3
60-15,3,7,10,3,3
60-16,3,7,10,3,3
60-17,3,8,10,3,3
60-18,3,8,10,3,3
60-19,3,8,10,3,3
60-20,3,8,10,3,3
60-21,3,8,10,3,3
60-22,3,8,10,3,3
60-23,3,7,188,3,3
61-01,2,3,198,9,2
61-02,2,3,198,9,2
61-03,2,3,198,9,2
61-04,2,3,198,9,2
61-05,2,3,203,9,2
61-06,2,3,198,9,2
61-07,2,3,198,9,2
61-08,2,3,198,9,2
61-09,2,3,198,9,2
61-10,2,3,203,9,2
61-11,2,3,203,9,2
61-12,2,3,203,9,2
61-13,2,3,203,9,2
61-14,2,3,203,9,2
61-15,2,3,203,9,2
61-16,2,3,203,9,2
61-17,2,3,198,9,2
61-18,2,3,203,9,2
61-19,2,3,203,9,2
61-20,2,3,203,9,2
61-21,2,3,198,9,2
61-22,2,3,198,9,2
61-23,2,3,198,9,2
61-24,2,3,198,9,2
61-25,2,3,198,9,2
61-26,2,3,198,9,2
61-27,2,3,203,9,2
61-28,2,3,203,9,2
62-01,2,2,179,7,2
62-02,2,2,179,7,2
62-03,2,2,177,7,2
62-04,2,2,179,7,2
62-05,2,2,177,7,2
62-06,2,2,179,7,2
62-07,2,2,177,7,2
62-08,2,2,179,7,2
62-09,2,2,179,7,2
62-10,2,2,177,7,2
62-11,2,2,177,7,2
62-12,2,2,177,7,2
62-13,2,2,177,7,2
62-14,2,2,202,7,2
62-15,2,2,177,7,2
62-16,2,2,177,7,2
62-17,2,2,177,7,2
62-18,2,2,177,7,2
62-19,2,2,177,7,2
62-20,2,2,202,7,2
62-21,2,2,202,7,2
62-22,2,2,202,7,2
62-23,2,2,202,7,2
62-24,2,2,202,7,2
62-25,2,2,202,7,2
62-26,2,2,202,7,2
63-01,2,5,172,10,2
63-02,2,5,172,10,2
63-03,2,5,172,10,2
63-04,2,5,172,10,2
63-05,2,5,172,10,2
63-06,2,5,172,10,2
63-07,2,5,172,10,2
63-08,2,5,172,10,2
63-09,2,5,172,10,2
63-10,2,5,172,10,2
63-11,2,5,172,10,2
63-12,2,5,172,10,2
63-13,2,5,172,10,2
63-14,2,5,172,10,2
63-15,2,5,172,10,2
63-16,2,5,172,10,2
63-17,2,5,172,10,2
63-18,2,5,172,10,2
63-19,2,5,172,10,2
63-20,2,5,172,10,2
63-21,2,5,172,10,2
63-22,2,5,172,10,2
63-23,2,5,172,10,2
63-24,2,5,172,10,2
63-25,2,5,172,10,2
64-01,2,5,173,6,2
64-02,2,5,173,6,2
64-03,2,5,173,6,2
64-04,2,5,173,6,2
64-05,2,5,173,6,2
64-06,2,5,173,6,2
64-07,2,5,173,6,2
64-08,2,5,173,6,2
64-09,2,5,173,6,2
64-10,2,5,173,6,2
64-11,2,5,173,6,2
64-12,2,5,202,6,2
64-13,2,5,173,6,2
64-14,2,5,173,6,2
64-15,2,5,173,6,2
64-16,2,5,173,6,2
64-17,2,5,173,6,2
64-18,2,5,173,6,2
65-01,2,5,173,6,2
65-02,2,5,173,6,2
65-03,2,5,173,6,2
65-04,2,5,173,6,2
65-05,2,5,173,6,2
65-06,2,5,173,6,2
65-07,2,5,173,6,2
65-08,2,5,173,6,2
65-09,2,5,173,6,2
65-10,2,5,173,6,2
65-11,2,5,173,6,2
65-12,2,5,173,6,2
65-13,2,5,173,6,2
65-14,2,5,173,6,2
65-15,2,5,173,6,2
65-16,2,5,173,6,2
65-17,2,5,173,6,2
65-18,2,5,173,6,2
65-19,2,5,173,6,2
65-20,2,5,173,6,2
65-21,2,5,173,6,2
65-22,2,5,173,6,2
65-23,2,5,173,6,2
66-01,2,5,170,10,2
66-02,2,5,170,10,2
66-03,2,5,170,10,2
66-04,2,5,170,10,2
66-05,2,5,170,10,2
66-06,2,5,170,10,2
66-07,2,5,170,10,2
66-08,2,5,170,10,2
66-09,2,5,170,10,2
66-10,2,5,174,10,2
66-11,2,5,170,10,2
66-12,2,5,170,10,2
66-13,2,5,170,10,2
66-14,2,5,170,10,2
66-15,2,5,170,10,2
66-16,2,5,170,10,2
66-17,2,5,170,10,2
66-18,2,5,174,10,2
66-19,2,5,174,10,2
66-20,2,5,170,10,2
66-21,2,5,174,10,2
66-22,2,5,170,10,2
66-23,2,5,170,10,2
66-24,2,5,170,10,2
66-25,2,5,174,10,2
66-26,2,5,174,10,2
66-27,2,5,174,10,2
66-28,2,5,174,10,2
66-29,2,5,174,10,2
66-30,2,5,170,10,2
66-31,2,5,174,10,2
66-32,2,5,174,10,2
66-33,2,5,170,10,2
66-34,2,5,170,10,2
66-35,2,5,170,10,2
66-36,2,5,170,10,2
66-37,2,5,174,10,2
66-38,2,5,170,10,2
66-39,2,5,170,10,2
66-40,2,5,174,10,2
66-41,2,5,170,10,2
66-42,2,5,170,10,2
66-43,2,5,174,10,2
66-44,2,5,170,10,2
66-45,2,5,170,10,2
66-46,2,5,174,10,2
