division,council,p7,p5
01-01,1,3,3
01-02,1,3,3
01-03,1,3,3
01-04,1,3,3
01-05,1,3,3
01-06,1,3,3
01-07,1,3,3
01-08,1,3,3
01-09,1,3,3
01-10,1,3,3
01-11,1,3,3
01-12,1,3,3
01-13,1,3,3
01-14,1,3,3
01-15,1,3,3
01-16,1,3,3
01-17,1,3,3
01-18,1,3,3
01-19,1,3,3
01-20,1,3,3
01-21,1,3,3
02-01,1,3,3
02-02,1,3,3
02-03,1,3,3
02-04,1,3,3
02-05,1,3,3
02-06,1,3,3
02-07,1,3,3
02-08,1,3,3
02-09,2,3,3
02-10,1,3,3
02-11,1,3,3
02-12,1,3,3
02-13,1,3,3
02-14,1,3,3
02-15,1,3,3
02-16,1,3,3
02-17,1,3,3
02-18,1,3,3
02-19,2,3,3
02-20,2,3,3
02-21,2,3,3
02-22,2,3,3
02-23,1,3,3
02-24,1,3,3
02-25,1,3,3
02-26,1,3,3
02-27,1,3,3
02-28,1,3,3
02-29,1,3,3
03-01,3,7,5
03-02,3,7,5
03-03,3,7,5
03-04,3,7,5
03-05,3,7,5
03-06,3,7,5
03-07,3,7,5
03-08,3,7,5
03-09,3,7,5
03-10,3,7,5
03-11,3,7,5
03-12,3,7,5
03-13,3,7,5
03-14,3,7,5
03-15,3,7,5
03-16,3,7,5
03-17,3,7,3
03-18,3,7,3
03-19,3,7,5
03-20,3,7,3
03-21,3,7,3
03-22,3,7,3
04-01,4,7,5
04-02,4,7,5
04-03,4,7,5
04-04,4,7,5
04-05,4,7,5
04-06,4,7,5
04-07,4,7,5
04-08,4,7,5
04-09,4,7,5
04-10,4,7,5
04-11,4,7,5
04-12,4,7,5
04-13,4,7,5
04-14,4,7,5
04-15,4,7,5
04-16,4,7,5
04-17,4,7,5
04-18,4,7,5
04-19,4,7,5
04-20,4,7,5
04-21,4,7,5
05-01,1,4,3
05-02,1,4,3
05-03,1,4,3
05-04,1,4,3
05-05,1,4,3
05-06,1,4,3
05-07,1,4,3
05-08,1,4,3
05-09,1,4,3
05-10,1,4,3
05-11,1,4,3
05-12,1,4,3
05-13,1,4,3
05-14,1,4,3
05-15,5,4,4
05-16,1,4,3
05-17,1,4,4
05-18,1,4,3
05-19,1,4,3
05-20,5,4,4
05-21,1,4,4
05-22,1,4,3
05-23,5,4,4
05-24,1,4,3
05-25,1,4,5
05-26,1,4,3
05-27,1,4,4
05-28,1,4,3
05-29,1,4,3
05-30,1,4,4
05-31,1,4,5
05-32,1,4,4
05-33,1,4,4
05-34,1,4,4
05-35,1,4,3
05-36,1,4,3
05-37,1,4,3
06-01,3,7,5
06-02,3,7,5
06-03,3,7,5
06-04,3,7,5
06-05,3,7,5
06-06,3,7,5
06-07,3,7,5
06-08,3,7,5
06-09,3,7,5
06-10,3,7,5
06-11,3,7,5
06-12,3,7,5
06-13,3,7,5
06-14,3,7,5
06-15,3,7,5
06-16,3,7,5
06-17,3,7,5
06-18,3,7,5
07-01,7,6,4
07-02,7,6,4
07-03,7,6,4
07-04,7,6,4
07-05,7,6,4
07-06,7,6,4
07-07,7,6,4
07-08,7,6,4
07-09,7,6,4
07-10,7,6,4
07-11,7,6,4
07-12,7,6,4
07-13,7,6,4
07-14,7,6,4
07-15,7,6,4
07-16,7,6,4
07-17,7,6,4
07-18,7,6,4
07-19,7,6,4
07-20,7,6,4
07-21,7,6,4
07-22,7,6,4
07-23,7,6,4
08-01,2,4,3
08-02,2,4,3
08-03,2,4,3
08-04,2,4,3
08-05,2,4,3
08-06,2,4,3
08-07,2,4,3
08-08,2,4,3
08-09,2,4,3
08-10,5,4,3
08-11,5,4,3
08-12,2,4,3
08-13,2,4,3
08-14,2,4,3
08-15,5,4,3
08-16,5,4,3
08-17,5,4,5
08-18,5,4,5
08-19,5,4,5
08-20,2,4,3
08-21,2,4,3
08-22,5,4,5
08-23,5,4,5
08-24,5,4,5
08-25,5,4,5
08-26,5,4,5
08-27,2,4,3
08-28,2,4,3
08-29,5,4,5
08-30,5,4,5
08-31,5,4,5
08-32,5,4,5
08-33,5,4,3
08-34,2,4,3
08-35,2,4,3
09-01,8,2,2
09-02,8,2,2
09-03,8,2,2
09-04,8,2,2
09-05,8,2,2
09-06,8,2,2
09-07,8,2,2
09-08,8,2,2
09-09,8,2,2
09-10,8,2,2
09-11,8,2,2
09-12,8,2,2
09-13,8,2,2
09-14,8,2,2
09-15,8,2,2
09-16,8,2,2
09-17,8,2,2
10-01,9,6,2
10-02,9,6,2
10-03,9,6,2
10-04,9,6,2
10-05,9,6,2
10-06,9,6,2
10-07,9,6,2
10-08,9,6,2
10-09,9,6,2
10-10,9,6,2
10-11,9,6,2
10-12,9,6,2
10-13,9,6,2
10-14,9,6,2
10-15,9,6,2
10-16,9,6,2
10-17,9,6,2
10-18,9,6,2
10-19,9,6,2
10-20,9,6,2
10-21,9,6,2
10-22,9,6,2
10-23,9,6,2
10-24,9,6,2
10-25,9,6,2
10-26,9,6,2
10-27,9,6,2
10-28,9,6,2
10-29,9,6,2
11-01,8,2,2
11-02,8,2,2
11-03,8,2,2
11-04,8,2,2
11-05,8,2,2
11-06,8,2,2
11-07,8,2,2
11-08,8,2,2
11-09,8,2,2
11-10,8,2,2
11-11,8,2,2
11-12,8,2,2
11-13,8,2,2
11-14,8,2,2
11-15,8,2,2
11-16,8,2,2
11-17,8,2,2
11-18,8,2,2
11-19,8,2,2
11-20,8,2,2
12-01,8,2,2
12-02,8,2,2
12-03,8,2,2
12-04,8,2,2
12-05,8,2,2
12-06,8,2,2
12-07,8,2,2
12-08,8,2,2
12-09,8,2,2
12-10,8,2,2
12-11,8,2,2
12-12,8,2,2
12-13,8,2,2
12-14,8,2,2
12-15,8,2,2
12-16,8,2,2
12-17,8,2,2
12-18,8,2,2
12-19,8,2,2
12-20,8,2,2
12-21,8,2,2
12-22,8,2,2
12-23,8,2,2
12-24,8,2,2
13-01,8,2,2
13-02,8,2,2
13-03,8,2,2
13-04,8,2,2
13-05,8,2,2
13-06,8,2,2
13-07,8,2,2
13-08,8,2,2
13-09,8,2,2
13-10,8,2,2
13-11,8,2,2
13-12,8,2,2
13-13,8,2,2
13-14,8,2,2
13-15,8,2,2
13-16,8,2,2
13-17,8,2,2
13-18,8,2,2
13-19,8,2,2
13-20,8,2,2
13-21,8,2,2
13-22,8,2,2
13-23,8,2,2
13-24,8,2,2
13-25,8,2,2
14-01,5,4,5
14-02,5,4,5
14-03,5,4,5
14-04,5,4,5
14-05,5,4,5
14-06,5,4,5
14-07,5,4,5
14-08,5,4,5
14-09,5,4,5
14-10,5,4,5
14-11,5,4,5
15-01,5,4,5
15-02,5,4,5
15-03,5,4,5
15-04,5,4,5
15-05,5,4,5
15-06,5,4,5
15-07,5,4,5
15-08,5,4,5
15-09,5,4,5
15-10,5,4,5
15-11,5,4,5
15-12,5,4,5
15-13,5,4,5
15-14,5,4,5
15-15,5,4,5
15-16,5,4,5
15-17,5,4,5
15-18,5,4,5
15-19,5,4,5
16-01,5,2,5
16-02,5,2,5
16-03,5,2,5
16-04,5,2,5
16-05,5,2,5
16-06,5,2,5
16-07,5,2,5
16-08,5,2,5
16-09,5,2,5
16-10,5,2,5
16-11,5,2,5
16-12,5,2,5
16-13,5,2,5
16-14,5,2,5
16-15,5,2,5
16-16,5,2,5
16-17,5,2,2
16-18,5,2,2
17-01,8,6,2
17-02,8,6,2
17-03,8,6,2
17-04,8,6,2
17-05,8,6,2
17-06,8,6,2
17-07,8,6,2
17-08,8,6,2
17-09,8,6,2
17-10,8,6,2
17-11,8,6,2
17-12,8,6,2
17-13,8,6,2
17-14,8,6,2
17-15,8,6,2
17-16,8,6,2
17-17,8,6,2
17-18,8,6,2
17-19,8,6,2
17-20,8,6,2
17-21,8,6,2
17-22,8,6,2
17-23,8,6,2
17-24,8,6,2
17-25,8,6,2
17-26,8,6,2
17-27,8,6,2
17-28,8,6,2
17-29,8,6,2
18-01,5,4,4
18-02,5,4,4
18-03,7,4,4
18-04,5,4,4
18-05,1,4,4
18-06,5,4,4
18-07,5,4,4
18-08,7,4,4
18-09,5,4,4
18-10,7,4,4
18-11,5,4,4
18-12,5,4,4
18-13,7,4,4
18-14,7,4,4
18-15,7,4,4
18-16,7,4,4
18-17,7,4,4
18-18,5,4,4
18-19,1,4,4
19-01,7,4,4
19-02,7,4,4
19-03,7,4,4
19-04,7,4,4
19-05,7,4,4
19-06,7,4,4
19-07,7,4,4
19-08,7,4,4
19-09,7,4,4
19-10,7,4,4
19-11,7,4,4
19-12,7,4,4
19-13,7,4,4
19-14,7,4,4
19-15,7,4,4
19-16,7,4,4
19-17,7,4,4
19-18,7,4,4
19-19,7,4,4
20-01,5,4,5
20-02,5,4,5
20-03,5,4,5
20-04,5,4,5
20-05,5,4,5
20-06,5,4,5
20-07,5,4,5
20-08,5,4,5
20-09,5,4,5
20-10,5,4,5
20-11,5,4,5
21-01,4,2,2
21-02,4,2,2
21-03,4,2,2
21-04,4,2,2
21-05,4,2,2
21-06,4,2,2
21-07,4,2,2
21-08,4,2,2
21-09,4,2,2
21-10,4,2,2
21-11,4,2,2
21-12,4,2,2
21-13,4,2,2
21-14,4,2,2
21-15,4,2,2
21-16,4,2,2
21-17,4,2,2
21-18,4,2,2
21-19,4,2,2
21-20,4,2,2
21-21,4,2,2
21-22,4,2,2
21-23,4,2,2
21-24,4,2,2
21-25,4,2,2
21-26,4,2,2
21-27,4,2,2
21-28,4,2,2
21-29,4,2,2
21-30,4,2,2
21-31,4,2,2
21-32,4,2,2
21-33,4,2,2
21-34,4,2,2
21-35,4,2,2
21-36,4,2,2
21-37,4,2,2
21-38,4,2,2
21-39,4,2,2
21-40,4,2,2
21-41,4,2,2
21-42,4,2,2
21-43,4,2,2
21-44,4,2,2
21-45,4,2,2
22-01,8,2,2
22-02,8,2,2
22-03,8,2,2
22-04,8,2,2
22-05,8,2,2
22-06,8,2,2
22-07,8,2,2
22-08,8,2,2
22-09,8,2,2
22-10,8,2,2
22-11,8,2,2
22-12,8,2,2
22-13,8,2,2
22-14,8,2,2
22-15,8,2,2
22-16,8,2,2
22-17,8,2,2
22-18,8,2,2
22-19,8,2,2
22-20,8,2,2
22-21,8,2,2
22-22,8,2,2
22-23,8,2,2
22-24,8,2,2
22-25,8,2,2
22-26,8,2,2
22-27,8,2,2
22-28,8,2,2
22-29,8,2,2
23-01,7,5,4
23-02,7,5,4
23-03,7,5,4
23-04,7,5,4
23-05,7,5,4
23-06,7,5,4
23-07,7,5,4
23-08,7,5,4
23-09,7,5,4
23-10,7,5,4
23-11,7,5,4
23-12,7,5,4
23-13,7,5,4
23-14,7,5,4
23-15,7,5,4
23-16,7,5,4
23-17,7,5,4
23-18,7,5,4
23-19,7,5,4
23-20,7,5,4
23-21,7,5,4
23-22,7,5,4
23-23,7,5,4
24-01,3,7,5
24-02,3,7,5
24-03,3,7,5
24-04,3,7,5
24-05,3,7,5
24-06,3,7,5
24-07,3,7,5
24-08,3,7,5
24-09,3,7,5
24-10,3,7,5
24-11,3,7,5
24-12,3,7,5
24-13,3,7,5
24-14,3,7,5
24-15,3,7,5
24-16,3,7,5
24-17,3,7,5
24-18,3,7,5
24-19,3,7,5
25-01,1,4,4
25-02,1,4,4
25-03,1,4,4
25-04,1,4,4
25-05,1,4,4
25-06,1,4,4
25-07,1,4,4
25-08,1,4,4
25-09,1,4,4
25-10,1,4,4
25-11,1,4,4
25-12,1,4,4
25-13,1,4,4
25-14,1,4,4
25-15,1,4,4
25-16,1,4,4
25-17,1,4,4
25-18,1,4,4
25-19,7,4,4
25-20,7,4,4
25-21,1,4,4
25-22,1,4,4
25-23,1,4,4
25-24,1,4,4
26-01,2,3,3
26-02,2,3,3
26-03,2,3,3
26-04,2,3,3
26-05,2,3,3
26-06,2,3,3
26-07,2,3,3
26-08,2,3,3
26-09,2,3,3
26-10,2,3,3
26-11,2,3,3
26-12,2,3,3
26-13,2,3,3
26-14,2,3,3
26-15,2,3,3
26-16,2,3,3
26-17,2,3,3
26-18,2,3,3
26-19,2,3,3
26-20,2,3,3
26-21,2,3,3
26-22,2,3,3
26-23,2,3,3
27-01,3,7,5
27-02,3,7,5
27-03,3,7,5
27-04,3,7,3
27-05,3,7,5
27-06,3,7,5
27-07,3,7,3
27-08,3,7,5
27-09,3,7,5
27-10,3,7,5
27-11,3,7,5
27-12,3,7,3
27-13,3,7,5
27-14,3,7,5
27-15,3,7,3
27-16,3,7,3
27-17,3,7,3
27-18,3,7,5
27-19,3,7,3
27-20,3,7,5
27-21,3,7,5
27-22,3,7,5
27-23,3,7,5
28-01,5,2,2
28-02,5,2,2
28-03,5,2,2
28-04,5,2,2
28-05,5,2,2
28-06,5,2,2
28-07,5,2,2
28-08,5,2,2
28-09,4,2,2
28-10,5,2,2
28-11,5,2,2
28-12,5,2,2
28-13,5,2,2
28-14,5,2,2
28-15,5,2,2
28-16,4,2,2
28-17,4,2,2
28-18,4,2,2
29-01,5,2,5
29-02,5,2,5
29-03,5,2,5
29-04,5,2,5
29-05,5,2,5
29-06,5,2,5
29-07,5,2,5
29-08,5,2,5
29-09,5,2,5
29-10,4,2,5
29-11,5,2,5
29-12,5,2,5
29-13,5,2,5
29-14,5,2,5
29-15,5,2,5
29-16,5,2,5
29-17,5,2,5
29-18,5,2,5
30-01,2,3,3
30-02,2,3,3
30-03,2,3,3
30-04,2,3,3
30-05,2,3,3
30-06,2,3,3
30-07,2,3,3
30-08,2,3,3
30-09,2,3,3
30-10,2,3,3
30-11,2,3,3
30-12,2,3,3
30-13,2,3,3
30-14,2,3,3
30-15,2,3,3
30-16,2,3,3
30-17,2,3,3
31-01,7,4,4
31-02,7,4,4
31-03,1,4,4
31-04,1,4,4
31-05,1,4,4
31-06,1,4,4
31-07,1,4,4
31-08,1,4,4
31-09,7,4,4
31-10,1,4,4
31-11,1,4,4
31-12,1,4,4
31-13,1,4,4
31-14,1,4,4
31-15,1,4,4
31-16,1,4,4
31-17,1,4,4
31-18,1,4,4
31-19,1,4,4
32-01,5,2,5
32-02,5,2,5
32-03,5,2,5
32-04,5,2,5
32-05,5,2,5
32-06,5,2,5
32-07,5,2,5
32-08,5,2,5
32-09,5,2,5
32-10,5,2,5
32-11,5,2,5
32-12,5,2,5
32-13,5,2,5
32-14,5,2,5
32-15,5,2,5
32-16,5,2,5
32-17,5,2,5
32-18,5,2,5
32-19,5,2,2
32-20,5,2,5
32-21,5,2,2
32-22,5,2,2
32-23,5,2,2
32-24,5,2,2
32-25,5,2,2
32-26,5,2,2
32-27,5,2,2
32-28,5,2,5
32-29,5,2,5
32-30,5,2,5
32-31,5,2,5
33-01,7,6,4
33-02,7,6,4
33-03,7,6,4
33-04,7,6,4
33-05,7,6,4
33-06,7,6,4
33-07,7,6,4
33-08,7,6,4
33-09,7,6,4
33-10,7,6,4
33-11,7,6,4
33-12,7,6,4
33-13,7,6,4
33-14,7,6,4
33-15,7,6,4
33-16,7,6,4
33-17,7,6,4
33-18,7,6,4
33-19,7,6,4
33-20,7,6,4
33-21,7,6,4
33-22,7,6,4
33-23,7,6,4
33-24,7,6,4
34-01,4,7,5
34-02,4,7,5
34-03,4,7,5
34-04,4,7,5
34-05,4,7,5
34-06,4,7,5
34-07,4,7,5
34-08,4,7,5
34-09,4,7,5
34-10,4,7,5
34-11,4,7,5
34-12,4,7,5
34-13,4,7,5
34-14,4,7,5
34-15,4,7,5
34-16,4,7,5
34-17,4,7,5
34-18,4,7,5
34-19,4,7,5
34-20,4,7,5
34-21,4,7,5
34-22,4,7,5
34-23,4,7,5
34-24,4,7,5
34-25,4,7,5
34-26,4,7,5
34-27,4,7,5
34-28,4,7,5
34-29,4,7,5
34-30,4,7,5
34-31,4,7,5
34-32,4,7,5
34-33,4,7,5
34-34,4,7,5
34-35,4,7,5
34-36,4,7,5
34-37,4,7,5
34-38,4,7,5
34-39,4,7,5
34-40,4,7,5
34-41,4,7,5
34-42,4,7,5
35-01,9,5,1
35-02,9,5,1
35-03,9,5,1
35-04,9,5,1
35-05,9,5,1
35-06,9,5,4
35-07,9,5,1
35-08,9,5,4
35-09,9,5,4
35-10,9,5,4
35-11,9,5,4
35-12,9,5,4
35-13,9,5,4
35-14,9,5,4
35-15,9,5,4
35-16,9,5,4
35-17,9,5,4
35-18,9,5,4
35-19,9,5,4
35-20,9,5,4
35-21,9,5,4
35-22,9,5,4
35-23,9,5,4
35-24,9,5,4
35-25,9,5,4
35-26,9,5,4
35-27,9,5,4
35-28,9,5,4
35-29,9,5,4
35-30,9,5,4
35-31,9,5,4
35-32,9,5,1
36-01,2,3,3
36-02,2,3,3
36-03,2,3,3
36-04,2,3,3
36-05,2,3,3
36-06,2,3,3
36-07,2,3,3
36-08,2,3,3
36-09,2,3,3
36-10,2,3,3
36-11,2,3,3
36-12,2,3,3
36-13,2,3,3
36-14,2,3,3
36-15,2,3,3
36-16,2,3,3
36-17,2,3,3
36-18,2,3,3
36-19,2,3,3
36-20,2,3,3
36-21,2,3,3
36-22,2,3,3
36-23,2,3,3
36-24,2,3,3
36-25,2,3,3
36-26,2,3,3
36-27,2,3,3
36-28,2,3,3
36-29,2,3,3
36-30,2,3,3
36-31,2,3,3
36-32,2,3,3
36-33,2,3,3
36-34,2,3,3
36-35,2,3,3
36-36,2,3,3
36-37,2,3,3
36-38,2,3,3
36-39,2,3,3
36-40,2,3,3
36-41,2,3,3
37-01,5,4,5
37-02,5,4,5
37-03,5,4,5
37-04,5,4,5
37-05,5,4,5
37-06,5,4,5
37-07,5,4,5
37-08,5,4,5
37-09,5,4,2
37-10,5,4,2
37-11,5,4,2
37-12,5,4,2
37-13,5,4,5
37-14,5,4,5
37-15,5,4,5
37-16,5,4,2
37-17,5,4,2
37-18,5,4,2
37-19,5,4,2
37-20,5,4,2
37-21,5,4,2
38-01,4,2,2
38-02,4,2,2
38-03,4,2,2
38-04,4,2,2
38-05,4,2,2
38-06,4,2,2
38-07,4,2,2
38-08,4,2,2
38-09,4,2,5
38-10,4,2,2
38-11,4,2,2
38-12,4,2,2
38-13,4,2,2
38-14,4,2,2
38-15,4,2,5
38-16,4,2,2
38-17,4,2,2
38-18,4,2,2
38-19,4,2,5
38-20,4,2,2
38-21,4,2,2
39-01,1,3,3
39-02,1,3,3
39-03,1,3,3
39-04,1,3,3
39-05,1,3,3
39-06,1,3,3
39-07,1,3,3
39-08,1,3,3
39-09,1,3,3
39-10,1,3,3
39-11,1,3,3
39-12,1,3,3
39-13,1,3,3
39-14,2,3,3
39-15,1,3,3
39-16,1,3,3
39-17,1,3,3
39-18,1,3,3
39-19,1,3,3
39-20,1,3,3
39-21,1,3,3
39-22,1,3,3
39-23,1,3,3
39-24,1,3,3
39-25,1,3,3
39-26,1,3,3
39-27,1,3,3
39-28,1,3,3
39-29,1,3,3
39-30,1,3,3
39-31,1,3,3
39-32,1,3,3
39-33,1,3,3
39-34,1,3,3
39-35,1,3,3
39-36,2,3,3
39-37,1,3,3
39-38,1,3,3
39-39,1,3,3
39-40,1,3,3
39-41,2,3,3
39-42,1,3,3
39-43,1,3,3
39-44,1,3,3
39-45,1,3,3
39-46,1,3,3
40-01,2,3,3
40-02,2,3,3
40-03,2,3,3
40-04,3,3,3
40-05,2,3,3
40-06,2,3,3
40-07,2,3,3
40-08,2,3,3
40-09,2,3,3
40-10,2,3,3
40-11,2,3,3
40-12,2,3,3
40-13,2,3,3
40-14,3,3,3
40-15,2,3,3
40-16,2,3,3
40-17,2,3,3
40-18,2,3,3
40-19,2,3,3
40-20,2,3,3
40-21,2,3,3
40-22,2,3,3
40-23,2,3,3
40-24,2,3,3
40-25,2,3,3
40-26,2,3,3
40-27,2,3,3
40-28,3,3,3
40-29,2,3,3
40-30,2,3,3
40-31,2,3,3
40-32,2,3,3
40-33,2,3,3
40-34,2,3,3
40-35,2,3,3
40-36,2,3,3
40-37,2,3,3
40-38,2,3,3
40-39,2,3,3
40-40,2,3,3
40-41,2,3,3
40-42,2,3,3
40-43,2,3,3
40-44,2,3,3
40-45,2,3,3
40-46,2,3,3
40-47,2,3,3
40-48,2,3,3
40-49,2,3,3
40-50,2,3,3
40-51,2,3,3
41-01,6,5,4
41-02,6,5,4
41-03,6,5,4
41-04,6,5,4
41-05,6,5,4
41-06,6,5,4
41-07,6,5,4
41-08,6,5,4
41-09,6,5,4
41-10,6,5,4
41-11,6,5,4
41-12,6,5,4
41-13,6,5,4
41-14,6,5,1
41-15,6,5,1
41-16,6,5,1
41-17,6,5,1
41-18,6,5,1
41-19,6,5,1
41-20,6,5,1
41-21,6,5,1
41-22,6,5,1
41-23,6,5,1
41-24,6,5,1
41-25,6,5,1
41-26,6,5,1
42-01,7,6,4
42-02,7,6,4
42-03,7,6,4
42-04,7,6,4
42-05,7,6,4
42-06,7,6,4
42-07,7,6,4
42-08,7,6,4
42-09,7,6,4
42-10,7,6,4
42-11,7,6,4
42-12,8,6,4
42-13,8,6,4
42-14,8,6,4
42-15,9,6,4
42-16,8,6,4
42-17,8,6,4
42-18,9,6,4
42-19,9,6,4
42-20,8,6,4
42-21,8,6,4
42-22,7,6,4
42-23,7,6,4
42-24,9,6,4
42-25,9,6,4
43-01,5,6,2
43-02,7,6,2
43-03,7,6,2
43-04,7,6,2
43-05,7,6,2
43-06,7,6,2
43-07,7,6,2
43-08,7,6,2
43-09,5,6,2
43-10,5,6,2
43-11,7,6,2
43-12,7,6,2
43-13,5,6,2
43-14,5,6,2
43-15,5,6,2
43-16,5,6,2
43-17,7,6,2
43-18,7,6,2
43-19,7,6,2
43-20,7,6,2
43-21,5,6,2
43-22,5,6,2
43-23,5,6,2
43-24,5,6,2
43-25,5,6,2
44-01,4,7,5
44-02,4,7,5
44-03,3,7,5
44-04,3,7,5
44-05,4,7,5
44-06,3,7,5
44-07,4,7,5
44-08,3,7,5
44-09,3,7,5
44-10,3,7,5
44-11,3,7,5
44-12,3,7,5
44-13,3,7,5
44-14,3,7,5
44-15,3,7,5
44-16,3,7,5
44-17,3,7,5
44-18,3,7,5
44-19,4,7,5
45-01,6,5,4
45-02,6,5,4
45-03,6,5,4
45-04,6,5,4
45-05,6,5,4
45-06,6,5,4
45-07,6,5,4
45-08,6,5,4
45-09,6,5,4
45-10,6,5,4
45-11,6,5,4
45-12,6,5,4
45-13,6,5,4
45-14,6,5,4
45-15,6,5,4
45-16,6,5,4
45-17,6,5,4
45-18,6,5,4
45-19,6,5,4
45-20,6,5,4
45-21,6,5,4
45-22,6,5,4
45-23,6,5,4
45-24,6,5,4
45-25,6,5,4
46-01,3,7,5
46-02,3,7,5
46-03,3,7,5
46-04,3,7,5
46-05,3,7,5
46-06,3,7,5
46-07,3,7,5
46-08,3,7,3
46-09,3,7,5
46-10,3,7,5
46-11,3,7,5
46-12,3,7,5
46-13,3,7,5
46-14,3,7,5
46-15,3,7,5
46-16,3,7,3
46-17,3,7,3
46-18,3,7,5
46-19,3,7,5
46-20,3,7,5
46-21,3,7,5
46-22,3,7,5
46-23,3,7,5
47-01,5,4,5
47-02,5,4,5
47-03,5,4,5
47-04,5,4,5
47-05,5,4,5
47-06,5,4,5
47-07,5,4,5
47-08,5,4,5
47-09,5,4,5
47-10,5,4,5
47-11,5,4,5
47-12,5,4,5
47-13,5,4,5
47-14,5,4,5
48-01,2,3,3
48-02,2,3,3
48-03,2,3,3
48-04,2,3,3
48-05,2,3,3
48-06,2,3,3
48-07,2,3,3
48-08,2,3,3
48-09,2,3,3
48-10,2,3,3
48-11,2,3,3
48-12,2,3,3
48-13,2,3,3
48-14,2,3,3
48-15,2,3,3
48-16,2,3,3
48-17,2,3,3
48-18,2,3,3
48-19,2,3,3
48-20,2,3,3
48-21,2,3,3
48-22,2,3,3
48-23,2,3,3
49-01,8,6,2
49-02,9,6,2
49-03,9,6,2
49-04,8,6,2
49-05,8,6,2
49-06,9,6,2
49-07,9,6,2
49-08,9,6,2
49-09,8,6,2
49-10,8,6,2
49-11,8,6,2
49-12,8,6,2
49-13,8,6,2
49-14,8,6,2
49-15,8,6,2
49-16,9,6,2
49-17,9,6,2
49-18,9,6,2
49-19,8,6,2
49-20,9,6,2
49-21,9,6,2
49-22,9,6,2
50-01,9,6,2
50-02,9,6,2
50-03,9,6,2
50-04,9,6,2
50-05,9,6,2
50-06,9,6,2
50-07,9,6,2
50-08,9,6,2
50-09,9,6,2
50-10,9,6,2
50-11,9,6,2
50-12,9,6,2
50-13,9,6,2
50-14,9,6,2
50-15,9,6,2
50-16,9,6,2
50-17,9,6,2
50-18,9,6,2
50-19,9,6,2
50-20,9,6,2
50-21,9,6,2
50-22,9,6,2
50-23,9,6,2
50-24,9,6,2
50-25,9,6,2
50-26,9,6,2
50-27,9,6,2
50-28,9,6,2
50-29,9,6,2
50-30,9,6,2
51-01,3,7,3
51-02,3,7,3
51-03,3,7,3
51-04,3,7,3
51-05,3,7,3
51-06,3,7,3
51-07,3,7,3
51-08,3,7,3
51-09,3,7,3
51-10,3,7,3
51-11,3,7,3
51-12,3,7,3
51-13,3,7,3
51-14,3,7,3
51-15,3,7,3
51-16,3,7,3
51-17,3,7,3
51-18,3,7,3
51-19,3,7,3
51-20,3,7,3
51-21,3,7,3
51-22,3,7,3
51-23,3,7,3
51-24,3,7,3
51-25,3,7,3
51-26,3,7,3
51-27,3,7,3
51-28,3,7,3
52-01,4,7,5
52-02,4,7,5
52-03,4,7,5
52-04,4,7,5
52-05,4,7,5
52-06,4,7,5
52-07,4,7,5
52-08,4,7,5
52-09,4,7,5
52-10,4,7,5
52-11,4,7,5
52-12,4,7,5
52-13,4,7,5
52-14,4,7,5
52-15,4,7,5
52-16,4,7,5
52-17,4,7,5
52-18,4,7,5
52-19,4,7,5
52-20,4,7,5
52-21,4,7,5
52-22,4,7,5
52-23,4,7,5
52-24,4,7,5
52-25,4,7,5
52-26,4,7,5
52-27,4,7,5
52-28,4,7,5
53-01,9,5,4
53-02,9,5,4
53-03,9,5,4
53-04,9,5,4
53-05,9,5,4
53-06,9,5,4
53-07,9,5,1
53-08,9,5,1
53-09,9,5,1
53-10,9,5,1
53-11,9,5,1
53-12,9,5,1
53-13,9,5,1
53-14,9,5,1
53-15,9,5,1
53-16,9,5,1
53-17,9,5,1
53-18,9,5,1
53-19,9,5,1
53-20,9,5,1
53-21,9,5,1
53-22,9,5,1
53-23,9,5,1
54-01,7,5,4
54-02,7,5,4
54-03,7,5,4
54-04,7,5,4
54-05,7,5,4
54-06,7,5,1
54-07,6,5,1
54-08,9,5,1
54-09,7,5,1
54-10,6,5,1
54-11,7,5,1
54-12,9,5,1
54-13,9,5,1
54-14,6,5,1
54-15,6,5,1
54-16,6,5,1
54-17,9,5,1
54-18,9,5,1
54-19,6,5,1
54-20,6,5,1
54-21,6,5,1
54-22,6,5,1
55-01,6,5,4
55-02,6,5,4
55-03,6,5,4
55-04,6,5,4
55-05,6,5,4
55-06,6,5,4
55-07,6,5,4
55-08,6,5,1
55-09,6,5,4
55-10,6,5,4
55-11,6,5,1
55-12,6,5,1
55-13,6,5,4
55-14,6,5,1
55-15,6,5,1
55-16,6,5,1
55-17,6,5,1
55-18,6,5,1
55-19,6,5,1
55-20,6,5,1
55-21,6,5,1
55-22,6,5,1
55-23,6,5,1
55-24,6,5,1
55-25,6,5,1
55-26,6,5,4
55-27,6,5,1
55-28,6,5,1
55-29,6,5,1
56-01,10,1,1
56-02,10,1,1
56-03,10,1,1
56-04,10,1,1
56-05,10,1,1
56-06,10,1,1
56-07,10,1,1
56-08,10,1,1
56-09,10,1,1
56-10,10,1,1
56-11,10,1,1
56-12,10,1,1
56-13,10,1,1
56-14,10,1,1
56-15,10,1,1
56-16,10,1,1
56-17,10,1,1
56-18,10,1,1
56-19,10,1,1
56-20,10,1,1
56-21,10,1,1
56-22,10,1,1
56-23,10,1,1
56-24,10,1,1
56-25,10,1,1
56-26,10,1,1
56-27,10,1,1
56-28,10,1,1
56-29,10,1,1
56-30,10,1,1
56-31,10,1,1
56-32,10,1,1
56-33,10,1,1
56-34,6,1,1
56-35,10,1,1
56-36,10,1,1
56-37,10,1,1
56-38,10,1,1
56-39,10,1,1
56-40,6,1,1
56-41,10,1,1
57-01,6,1,1
57-02,6,1,1
57-03,6,1,1
57-04,6,1,1
57-05,6,1,1
57-06,6,1,1
57-07,6,1,1
57-08,6,1,1
57-09,6,1,1
57-10,6,1,1
57-11,6,1,1
57-12,6,1,1
57-13,6,1,1
57-14,6,1,1
57-15,6,1,1
57-16,6,1,1
57-17,6,1,1
57-18,6,1,1
57-19,6,1,1
57-20,6,1,1
57-21,6,1,1
57-22,6,1,1
57-23,6,1,1
57-24,6,1,1
57-25,6,1,1
57-26,6,1,1
57-27,6,1,1
57-28,6,1,1
58-01,10,1,1
58-02,10,1,1
58-03,10,1,1
58-04,10,1,1
58-05,10,1,1
58-06,10,1,1
58-07,10,1,1
58-08,10,1,1
58-09,10,1,1
58-10,10,1,1
58-11,10,1,1
58-12,10,1,1
58-13,10,1,1
58-14,10,1,1
58-15,10,1,1
58-16,10,1,1
58-17,10,1,1
58-18,10,1,1
58-19,10,1,1
58-20,10,1,1
58-21,10,1,1
58-22,10,1,1
58-23,10,1,1
58-24,10,1,1
58-25,10,1,1
58-26,10,1,1
58-27,10,1,1
58-28,10,1,1
58-29,10,1,1
58-30,10,1,1
58-31,10,1,1
58-32,10,1,1
58-33,10,1,1
58-34,10,1,1
58-35,10,1,1
58-36,10,1,1
58-37,10,1,1
58-38,10,1,1
58-39,10,1,1
58-40,10,1,1
58-41,10,1,1
58-42,10,1,1
58-43,10,1,1
58-44,10,1,1
59-01,8,2,2
59-02,8,2,2
59-03,8,2,2
59-04,8,2,2
59-05,8,2,2
59-06,8,2,2
59-07,8,2,2
59-08,8,2,2
59-09,8,2,2
59-10,8,2,2
59-11,8,2,2
59-12,8,2,2
59-13,8,2,2
59-14,8,2,2
59-15,8,2,2
59-16,8,2,2
59-17,8,2,2
59-18,8,2,2
59-19,8,2,2
59-20,8,2,2
59-21,8,2,2
59-22,8,2,2
59-23,8,2,2
59-24,8,2,2
59-25,8,2,2
60-01,3,7,5
60-02,3,7,5
60-03,3,7,5
60-04,3,7,5
60-05,3,7,5
60-06,3,7,5
60-07,3,7,5
60-08,3,7,5
60-09,3,7,5
60-10,3,7,5
60-11,3,7,5
60-12,3,7,5
60-13,3,7,5
60-14,3,7,5
60-15,3,7,5
60-16,3,7,5
60-17,3,7,5
60-18,3,7,5
60-19,3,7,5
60-20,3,7,5
60-21,3,7,5
60-22,3,7,5
60-23,3,7,5
61-01,9,6,2
61-02,9,6,2
61-03,9,6,4
61-04,9,6,4
61-05,9,6,4
61-06,9,6,2
61-07,9,6,2
61-08,9,6,4
61-09,9,6,4
61-10,9,6,4
61-11,9,6,4
61-12,9,6,4
61-13,9,6,4
61-14,9,6,4
61-15,9,6,4
61-16,9,6,4
61-17,9,6,2
61-18,9,6,4
61-19,9,6,4
61-20,9,6,4
61-21,9,6,2
61-22,9,6,2
61-23,9,6,2
61-24,9,6,2
61-25,9,6,4
61-26,9,6,4
61-27,9,6,4
61-28,9,6,4
62-01,7,5,4
62-02,7,5,4
62-03,7,5,4
62-04,7,5,4
62-05,7,5,4
62-06,7,5,4
62-07,7,5,4
62-08,7,5,4
62-09,7,5,4
62-10,7,5,4
62-11,7,5,4
62-12,7,5,4
62-13,7,5,4
62-14,7,5,4
62-15,7,5,4
62-16,7,5,4
62-17,7,5,4
62-18,7,5,4
62-19,7,5,4
62-20,7,5,4
62-21,7,5,4
62-22,7,5,4
62-23,7,5,4
62-24,7,5,4
62-25,7,5,4
62-26,7,5,4
63-01,10,1,1
63-02,10,1,1
63-03,10,1,1
63-04,10,1,1
63-05,10,1,1
63-06,10,1,1
63-07,10,1,1
63-08,10,1,1
63-09,10,1,1
63-10,10,1,1
63-11,10,1,1
63-12,10,1,1
63-13,10,1,1
63-14,10,1,1
63-15,10,1,1
63-16,10,1,1
63-17,10,1,1
63-18,10,1,1
63-19,10,1,1
63-20,10,1,1
63-21,10,1,1
63-22,10,1,1
63-23,10,1,1
63-24,10,1,1
63-25,10,1,1
64-01,6,1,1
64-02,6,1,1
64-03,6,1,1
64-04,6,1,1
64-05,6,1,1
64-06,6,1,1
64-07,6,1,1
64-08,6,1,1
64-09,6,1,1
64-10,6,1,1
64-11,6,5,1
64-12,6,1,1
64-13,6,1,1
64-14,6,1,1
64-15,6,1,1
64-16,6,1,1
64-17,6,1,1
64-18,6,1,1
65-01,6,1,1
65-02,6,1,1
65-03,6,1,1
65-04,6,1,1
65-05,6,1,1
65-06,6,1,1
65-07,6,1,1
65-08,6,1,1
65-09,6,1,1
65-10,6,1,1
65-11,6,1,1
65-12,6,5,1
65-13,6,5,1
65-14,6,5,1
65-15,6,5,1
65-16,6,5,1
65-17,6,5,1
65-18,6,5,1
65-19,6,5,1
65-20,6,1,1
65-21,6,5,1
65-22,6,5,1
65-23,6,1,1
66-01,10,1,1
66-02,10,1,1
66-03,10,1,1
66-04,10,1,1
66-05,10,1,1
66-06,10,1,1
66-07,10,1,1
66-08,10,1,1
66-09,10,1,1
66-10,10,1,1
66-11,10,1,1
66-12,10,1,1
66-13,10,1,1
66-14,10,1,1
66-15,10,1,1
66-16,10,1,1
66-17,10,1,1
66-18,10,1,1
66-19,10,1,1
66-20,10,1,1
66-21,10,1,1
66-22,10,1,1
66-23,10,1,1
66-24,10,1,1
66-25,10,1,1
66-26,10,1,1
66-27,10,1,1
66-28,10,1,1
66-29,10,1,1
66-30,10,1,1
66-31,10,1,1
66-32,10,1,1
66-33,10,1,1
66-34,10,1,1
66-35,10,1,1
66-36,10,1,1
66-37,10,1,1
66-38,10,1,1
66-39,10,1,1
66-40,10,1,1
66-41,10,1,1
66-42,10,1,1
66-43,10,1,1
66-44,10,1,1
66-45,10,1,1
66-46,10,1,1
